,gender,race/ethnicity,parental level of education,lunch,test preparation course,math score,reading score,writing score,Math_PassStatus,Reading_PassStatus,Writing_PassStatus,OverAll_PassStatus,Total_Marks,Percentage,Grade
0,female,group B,bachelor's degree,standard,none,72,72,74,P,P,P,P,218,72.66666666666667,B
1,female,group C,some college,standard,completed,69,90,88,P,P,P,P,247,82.33333333333333,A
2,female,group B,master's degree,standard,none,90,95,93,P,P,P,P,278,92.66666666666667,A
3,male,group A,associate's degree,free/reduced,none,47,57,44,P,P,P,P,148,49.333333333333336,E
4,male,group C,some college,standard,none,76,78,75,P,P,P,P,229,76.33333333333333,B
5,female,group B,associate's degree,standard,none,71,83,78,P,P,P,P,232,77.33333333333333,B
6,female,group B,some college,standard,completed,88,95,92,P,P,P,P,275,91.66666666666667,A
7,male,group B,some college,free/reduced,none,40,43,39,P,P,F,F,122,40.666666666666664,F
8,male,group D,high school,free/reduced,completed,64,64,67,P,P,P,P,195,65.0,C
9,female,group B,high school,free/reduced,none,38,60,50,F,P,P,F,148,49.333333333333336,F
10,male,group C,associate's degree,standard,none,58,54,52,P,P,P,P,164,54.666666666666664,D
11,male,group D,associate's degree,standard,none,40,52,43,P,P,P,P,135,45.0,E
12,female,group B,high school,standard,none,65,81,73,P,P,P,P,219,73.0,B
13,male,group A,some college,standard,completed,78,72,70,P,P,P,P,220,73.33333333333333,B
14,female,group A,master's degree,standard,none,50,53,58,P,P,P,P,161,53.666666666666664,D
15,female,group C,some high school,standard,none,69,75,78,P,P,P,P,222,74.0,B
16,male,group C,high school,standard,none,88,89,86,P,P,P,P,263,87.66666666666667,A
17,female,group B,some high school,free/reduced,none,18,32,28,F,F,F,F,78,26.0,F
18,male,group C,master's degree,free/reduced,completed,46,42,46,P,P,P,P,134,44.666666666666664,E
19,female,group C,associate's degree,free/reduced,none,54,58,61,P,P,P,P,173,57.666666666666664,D
20,male,group D,high school,standard,none,66,69,63,P,P,P,P,198,66.0,C
21,female,group B,some college,free/reduced,completed,65,75,70,P,P,P,P,210,70.0,B
22,male,group D,some college,standard,none,44,54,53,P,P,P,P,151,50.333333333333336,D
23,female,group C,some high school,standard,none,69,73,73,P,P,P,P,215,71.66666666666667,B
24,male,group D,bachelor's degree,free/reduced,completed,74,71,80,P,P,P,P,225,75.0,B
25,male,group A,master's degree,free/reduced,none,73,74,72,P,P,P,P,219,73.0,B
26,male,group B,some college,standard,none,69,54,55,P,P,P,P,178,59.333333333333336,D
27,female,group C,bachelor's degree,standard,none,67,69,75,P,P,P,P,211,70.33333333333333,B
28,male,group C,high school,standard,none,70,70,65,P,P,P,P,205,68.33333333333333,C
29,female,group D,master's degree,standard,none,62,70,75,P,P,P,P,207,69.0,C
30,female,group D,some college,standard,none,69,74,74,P,P,P,P,217,72.33333333333333,B
31,female,group B,some college,standard,none,63,65,61,P,P,P,P,189,63.0,C
32,female,group E,master's degree,free/reduced,none,56,72,65,P,P,P,P,193,64.33333333333333,C
33,male,group D,some college,standard,none,40,42,38,P,P,F,F,120,40.0,F
34,male,group E,some college,standard,none,97,87,82,P,P,P,P,266,88.66666666666667,A
35,male,group E,associate's degree,standard,completed,81,81,79,P,P,P,P,241,80.33333333333333,A
36,female,group D,associate's degree,standard,none,74,81,83,P,P,P,P,238,79.33333333333333,B
37,female,group D,some high school,free/reduced,none,50,64,59,P,P,P,P,173,57.666666666666664,D
38,female,group D,associate's degree,free/reduced,completed,75,90,88,P,P,P,P,253,84.33333333333333,A
39,male,group B,associate's degree,free/reduced,none,57,56,57,P,P,P,P,170,56.666666666666664,D
40,male,group C,associate's degree,free/reduced,none,55,61,54,P,P,P,P,170,56.666666666666664,D
41,female,group C,associate's degree,standard,none,58,73,68,P,P,P,P,199,66.33333333333333,C
42,female,group B,associate's degree,standard,none,53,58,65,P,P,P,P,176,58.666666666666664,D
43,male,group B,some college,free/reduced,completed,59,65,66,P,P,P,P,190,63.333333333333336,C
44,female,group E,associate's degree,free/reduced,none,50,56,54,P,P,P,P,160,53.333333333333336,D
45,male,group B,associate's degree,standard,none,65,54,57,P,P,P,P,176,58.666666666666664,D
46,female,group A,associate's degree,standard,completed,55,65,62,P,P,P,P,182,60.666666666666664,C
47,female,group C,high school,standard,none,66,71,76,P,P,P,P,213,71.0,B
48,female,group D,associate's degree,free/reduced,completed,57,74,76,P,P,P,P,207,69.0,C
49,male,group C,high school,standard,completed,82,84,82,P,P,P,P,248,82.66666666666667,A
50,male,group E,some college,standard,none,53,55,48,P,P,P,P,156,52.0,D
51,male,group E,associate's degree,free/reduced,completed,77,69,68,P,P,P,P,214,71.33333333333333,B
52,male,group C,some college,standard,none,53,44,42,P,P,P,P,139,46.333333333333336,E
53,male,group D,high school,standard,none,88,78,75,P,P,P,P,241,80.33333333333333,A
54,female,group C,some high school,free/reduced,completed,71,84,87,P,P,P,P,242,80.66666666666667,A
55,female,group C,high school,free/reduced,none,33,41,43,F,P,P,F,117,39.0,F
56,female,group E,associate's degree,standard,completed,82,85,86,P,P,P,P,253,84.33333333333333,A
57,male,group D,associate's degree,standard,none,52,55,49,P,P,P,P,156,52.0,D
58,male,group D,some college,standard,completed,58,59,58,P,P,P,P,175,58.333333333333336,D
59,female,group C,some high school,free/reduced,none,0,17,10,F,F,F,F,27,9.0,F
60,male,group E,bachelor's degree,free/reduced,completed,79,74,72,P,P,P,P,225,75.0,B
61,male,group A,some high school,free/reduced,none,39,39,34,F,F,F,F,112,37.333333333333336,F
62,male,group A,associate's degree,free/reduced,none,62,61,55,P,P,P,P,178,59.333333333333336,D
63,female,group C,associate's degree,standard,none,69,80,71,P,P,P,P,220,73.33333333333333,B
64,female,group D,some high school,standard,none,59,58,59,P,P,P,P,176,58.666666666666664,D
65,male,group B,some high school,standard,none,67,64,61,P,P,P,P,192,64.0,C
66,male,group D,some high school,free/reduced,none,45,37,37,P,F,F,F,119,39.666666666666664,F
67,female,group C,some college,standard,none,60,72,74,P,P,P,P,206,68.66666666666667,C
68,male,group B,associate's degree,free/reduced,none,61,58,56,P,P,P,P,175,58.333333333333336,D
69,female,group C,associate's degree,standard,none,39,64,57,F,P,P,F,160,53.333333333333336,F
70,female,group D,some college,free/reduced,completed,58,63,73,P,P,P,P,194,64.66666666666667,C
71,male,group D,some college,standard,completed,63,55,63,P,P,P,P,181,60.333333333333336,C
72,female,group A,associate's degree,free/reduced,none,41,51,48,P,P,P,P,140,46.666666666666664,E
73,male,group C,some high school,free/reduced,none,61,57,56,P,P,P,P,174,58.0,D
74,male,group C,some high school,standard,none,49,49,41,P,P,P,P,139,46.333333333333336,E
75,male,group B,associate's degree,free/reduced,none,44,41,38,P,P,F,F,123,41.0,F
76,male,group E,some high school,standard,none,30,26,22,F,F,F,F,78,26.0,F
77,male,group A,bachelor's degree,standard,completed,80,78,81,P,P,P,P,239,79.66666666666667,B
78,female,group D,some high school,standard,completed,61,74,72,P,P,P,P,207,69.0,C
79,female,group E,master's degree,standard,none,62,68,68,P,P,P,P,198,66.0,C
80,female,group B,associate's degree,standard,none,47,49,50,P,P,P,P,146,48.666666666666664,E
81,male,group B,high school,free/reduced,none,49,45,45,P,P,P,P,139,46.333333333333336,E
82,male,group A,some college,free/reduced,completed,50,47,54,P,P,P,P,151,50.333333333333336,D
83,male,group E,associate's degree,standard,none,72,64,63,P,P,P,P,199,66.33333333333333,C
84,male,group D,high school,free/reduced,none,42,39,34,P,F,F,F,115,38.333333333333336,F
85,female,group C,some college,standard,none,73,80,82,P,P,P,P,235,78.33333333333333,B
86,female,group C,some college,free/reduced,none,76,83,88,P,P,P,P,247,82.33333333333333,A
87,female,group D,associate's degree,standard,none,71,71,74,P,P,P,P,216,72.0,B
88,female,group A,some college,standard,none,58,70,67,P,P,P,P,195,65.0,C
89,female,group D,some high school,standard,none,73,86,82,P,P,P,P,241,80.33333333333333,A
90,female,group C,bachelor's degree,standard,none,65,72,74,P,P,P,P,211,70.33333333333333,B
91,male,group C,high school,free/reduced,none,27,34,36,F,F,F,F,97,32.333333333333336,F
92,male,group C,high school,standard,none,71,79,71,P,P,P,P,221,73.66666666666667,B
93,male,group C,associate's degree,free/reduced,completed,43,45,50,P,P,P,P,138,46.0,E
94,female,group B,some college,standard,none,79,86,92,P,P,P,P,257,85.66666666666667,A
95,male,group C,associate's degree,free/reduced,completed,78,81,82,P,P,P,P,241,80.33333333333333,A
96,male,group B,some high school,standard,completed,65,66,62,P,P,P,P,193,64.33333333333333,C
97,female,group E,some college,standard,completed,63,72,70,P,P,P,P,205,68.33333333333333,C
98,female,group D,some college,free/reduced,none,58,67,62,P,P,P,P,187,62.333333333333336,C
99,female,group D,bachelor's degree,standard,none,65,67,62,P,P,P,P,194,64.66666666666667,C
100,male,group B,some college,standard,none,79,67,67,P,P,P,P,213,71.0,B
101,male,group D,bachelor's degree,standard,completed,68,74,74,P,P,P,P,216,72.0,B
102,female,group D,associate's degree,standard,none,85,91,89,P,P,P,P,265,88.33333333333333,A
103,male,group B,high school,standard,completed,60,44,47,P,P,P,P,151,50.333333333333336,D
104,male,group C,some college,standard,completed,98,86,90,P,P,P,P,274,91.33333333333333,A
105,female,group C,some college,standard,none,58,67,72,P,P,P,P,197,65.66666666666667,C
106,female,group D,master's degree,standard,none,87,100,100,P,P,P,P,287,95.66666666666667,A
107,male,group E,associate's degree,standard,completed,66,63,64,P,P,P,P,193,64.33333333333333,C
108,female,group B,associate's degree,free/reduced,none,52,76,70,P,P,P,P,198,66.0,C
109,female,group B,some high school,standard,none,70,64,72,P,P,P,P,206,68.66666666666667,C
110,female,group D,associate's degree,free/reduced,completed,77,89,98,P,P,P,P,264,88.0,A
111,male,group C,high school,standard,none,62,55,49,P,P,P,P,166,55.333333333333336,D
112,male,group A,associate's degree,standard,none,54,53,47,P,P,P,P,154,51.333333333333336,D
113,female,group D,some college,standard,none,51,58,54,P,P,P,P,163,54.333333333333336,D
114,female,group E,bachelor's degree,standard,completed,99,100,100,P,P,P,P,299,99.66666666666667,A
115,male,group C,high school,standard,none,84,77,74,P,P,P,P,235,78.33333333333333,B
116,female,group B,bachelor's degree,free/reduced,none,75,85,82,P,P,P,P,242,80.66666666666667,A
117,female,group D,bachelor's degree,standard,none,78,82,79,P,P,P,P,239,79.66666666666667,B
118,female,group D,some high school,standard,none,51,63,61,P,P,P,P,175,58.333333333333336,D
119,female,group C,some college,standard,none,55,69,65,P,P,P,P,189,63.0,C
120,female,group C,bachelor's degree,standard,completed,79,92,89,P,P,P,P,260,86.66666666666667,A
121,male,group B,associate's degree,standard,completed,91,89,92,P,P,P,P,272,90.66666666666667,A
122,female,group C,some college,standard,completed,88,93,93,P,P,P,P,274,91.33333333333333,A
123,male,group D,high school,free/reduced,none,63,57,56,P,P,P,P,176,58.666666666666664,D
124,male,group E,some college,standard,none,83,80,73,P,P,P,P,236,78.66666666666667,B
125,female,group B,high school,standard,none,87,95,86,P,P,P,P,268,89.33333333333333,A
126,male,group B,some high school,standard,none,72,68,67,P,P,P,P,207,69.0,C
127,male,group D,some college,standard,completed,65,77,74,P,P,P,P,216,72.0,B
128,male,group D,master's degree,standard,none,82,82,74,P,P,P,P,238,79.33333333333333,B
129,female,group A,bachelor's degree,standard,none,51,49,51,P,P,P,P,151,50.333333333333336,D
130,male,group D,master's degree,standard,none,89,84,82,P,P,P,P,255,85.0,A
131,male,group C,some high school,free/reduced,completed,53,37,40,P,F,P,F,130,43.333333333333336,F
132,male,group E,some college,free/reduced,completed,87,74,70,P,P,P,P,231,77.0,B
133,female,group C,some college,standard,completed,75,81,84,P,P,P,P,240,80.0,A
134,male,group D,bachelor's degree,free/reduced,completed,74,79,75,P,P,P,P,228,76.0,B
135,male,group C,bachelor's degree,standard,none,58,55,48,P,P,P,P,161,53.666666666666664,D
136,male,group B,some high school,standard,completed,51,54,41,P,P,P,P,146,48.666666666666664,E
137,male,group E,high school,standard,none,70,55,56,P,P,P,P,181,60.333333333333336,C
138,female,group C,associate's degree,standard,none,59,66,67,P,P,P,P,192,64.0,C
139,male,group D,some college,standard,completed,71,61,69,P,P,P,P,201,67.0,C
140,female,group D,some high school,standard,none,76,72,71,P,P,P,P,219,73.0,B
141,female,group C,some college,free/reduced,none,59,62,64,P,P,P,P,185,61.666666666666664,C
142,female,group E,some college,free/reduced,completed,42,55,54,P,P,P,P,151,50.333333333333336,D
143,male,group A,high school,standard,none,57,43,47,P,P,P,P,147,49.0,E
144,male,group D,some college,standard,none,88,73,78,P,P,P,P,239,79.66666666666667,B
145,female,group C,some college,free/reduced,none,22,39,33,F,F,F,F,94,31.333333333333332,F
146,male,group B,some high school,standard,none,88,84,75,P,P,P,P,247,82.33333333333333,A
147,male,group C,associate's degree,free/reduced,none,73,68,66,P,P,P,P,207,69.0,C
148,female,group D,bachelor's degree,standard,completed,68,75,81,P,P,P,P,224,74.66666666666667,B
149,male,group E,associate's degree,free/reduced,completed,100,100,93,P,P,P,P,293,97.66666666666667,A
150,male,group A,some high school,standard,completed,62,67,69,P,P,P,P,198,66.0,C
151,male,group A,bachelor's degree,standard,none,77,67,68,P,P,P,P,212,70.66666666666667,B
152,female,group B,associate's degree,standard,completed,59,70,66,P,P,P,P,195,65.0,C
153,male,group D,bachelor's degree,standard,none,54,49,47,P,P,P,P,150,50.0,D
154,male,group D,some high school,standard,none,62,67,61,P,P,P,P,190,63.333333333333336,C
155,female,group C,some college,standard,completed,70,89,88,P,P,P,P,247,82.33333333333333,A
156,female,group E,high school,free/reduced,completed,66,74,78,P,P,P,P,218,72.66666666666667,B
157,male,group B,some college,free/reduced,none,60,60,60,P,P,P,P,180,60.0,C
158,female,group B,associate's degree,standard,completed,61,86,87,P,P,P,P,234,78.0,B
159,male,group D,associate's degree,free/reduced,none,66,62,64,P,P,P,P,192,64.0,C
160,male,group B,associate's degree,free/reduced,completed,82,78,74,P,P,P,P,234,78.0,B
161,female,group E,some college,free/reduced,completed,75,88,85,P,P,P,P,248,82.66666666666667,A
162,male,group B,master's degree,free/reduced,none,49,53,52,P,P,P,P,154,51.333333333333336,D
163,male,group C,high school,standard,none,52,53,49,P,P,P,P,154,51.333333333333336,D
164,female,group E,master's degree,standard,none,81,92,91,P,P,P,P,264,88.0,A
165,female,group C,bachelor's degree,standard,completed,96,100,100,P,P,P,P,296,98.66666666666667,A
166,male,group C,high school,free/reduced,completed,53,51,51,P,P,P,P,155,51.666666666666664,D
167,female,group B,master's degree,free/reduced,completed,58,76,78,P,P,P,P,212,70.66666666666667,B
168,female,group B,high school,standard,completed,68,83,78,P,P,P,P,229,76.33333333333333,B
169,female,group C,some college,free/reduced,completed,67,75,70,P,P,P,P,212,70.66666666666667,B
170,male,group A,high school,standard,completed,72,73,74,P,P,P,P,219,73.0,B
171,male,group E,some high school,standard,none,94,88,78,P,P,P,P,260,86.66666666666667,A
172,female,group D,some college,standard,none,79,86,81,P,P,P,P,246,82.0,A
173,female,group C,associate's degree,standard,none,63,67,70,P,P,P,P,200,66.66666666666667,C
174,female,group C,bachelor's degree,free/reduced,completed,43,51,54,P,P,P,P,148,49.333333333333336,E
175,female,group C,master's degree,standard,completed,81,91,87,P,P,P,P,259,86.33333333333333,A
176,female,group B,high school,free/reduced,completed,46,54,58,P,P,P,P,158,52.666666666666664,D
177,female,group C,associate's degree,standard,completed,71,77,77,P,P,P,P,225,75.0,B
178,female,group B,master's degree,free/reduced,completed,52,70,62,P,P,P,P,184,61.333333333333336,C
179,female,group D,some high school,standard,completed,97,100,100,P,P,P,P,297,99.0,A
180,male,group C,master's degree,free/reduced,completed,62,68,75,P,P,P,P,205,68.33333333333333,C
181,female,group C,some college,free/reduced,none,46,64,66,P,P,P,P,176,58.666666666666664,D
182,female,group E,high school,standard,none,50,50,47,P,P,P,P,147,49.0,E
183,female,group D,associate's degree,standard,none,65,69,70,P,P,P,P,204,68.0,C
184,male,group C,some high school,free/reduced,completed,45,52,49,P,P,P,P,146,48.666666666666664,E
185,male,group C,associate's degree,free/reduced,completed,65,67,65,P,P,P,P,197,65.66666666666667,C
186,male,group E,high school,standard,none,80,76,65,P,P,P,P,221,73.66666666666667,B
187,male,group D,some high school,standard,completed,62,66,68,P,P,P,P,196,65.33333333333333,C
188,male,group B,some high school,free/reduced,none,48,52,45,P,P,P,P,145,48.333333333333336,E
189,female,group C,bachelor's degree,standard,none,77,88,87,P,P,P,P,252,84.0,A
190,female,group E,associate's degree,standard,none,66,65,69,P,P,P,P,200,66.66666666666667,C
191,male,group D,some college,standard,completed,76,83,79,P,P,P,P,238,79.33333333333333,B
192,female,group B,some high school,standard,none,62,64,66,P,P,P,P,192,64.0,C
193,male,group D,some college,standard,completed,77,62,62,P,P,P,P,201,67.0,C
194,female,group C,master's degree,standard,completed,69,84,85,P,P,P,P,238,79.33333333333333,B
195,male,group D,associate's degree,standard,none,61,55,52,P,P,P,P,168,56.0,D
196,male,group C,some high school,free/reduced,completed,59,69,65,P,P,P,P,193,64.33333333333333,C
197,male,group E,high school,free/reduced,none,55,56,51,P,P,P,P,162,54.0,D
198,female,group B,some college,free/reduced,none,45,53,55,P,P,P,P,153,51.0,D
199,female,group B,bachelor's degree,free/reduced,none,78,79,76,P,P,P,P,233,77.66666666666667,B
200,female,group C,associate's degree,standard,completed,67,84,86,P,P,P,P,237,79.0,B
201,female,group D,some college,free/reduced,none,65,81,77,P,P,P,P,223,74.33333333333333,B
202,male,group C,associate's degree,standard,none,69,77,69,P,P,P,P,215,71.66666666666667,B
203,female,group B,associate's degree,standard,none,57,69,68,P,P,P,P,194,64.66666666666667,C
204,male,group C,some college,standard,none,59,41,42,P,P,P,P,142,47.333333333333336,E
205,male,group D,some high school,standard,completed,74,71,78,P,P,P,P,223,74.33333333333333,B
206,male,group E,bachelor's degree,standard,none,82,62,62,P,P,P,P,206,68.66666666666667,C
207,male,group E,high school,standard,completed,81,80,76,P,P,P,P,237,79.0,B
208,female,group B,some college,free/reduced,none,74,81,76,P,P,P,P,231,77.0,B
209,female,group B,some college,free/reduced,none,58,61,66,P,P,P,P,185,61.666666666666664,C
210,male,group D,some high school,free/reduced,completed,80,79,79,P,P,P,P,238,79.33333333333333,B
211,male,group C,some college,free/reduced,none,35,28,27,F,F,F,F,90,30.0,F
212,female,group C,high school,free/reduced,none,42,62,60,P,P,P,P,164,54.666666666666664,D
213,male,group C,associate's degree,free/reduced,completed,60,51,56,P,P,P,P,167,55.666666666666664,D
214,male,group E,high school,standard,completed,87,91,81,P,P,P,P,259,86.33333333333333,A
215,male,group B,some high school,standard,completed,84,83,75,P,P,P,P,242,80.66666666666667,A
216,female,group E,associate's degree,free/reduced,completed,83,86,88,P,P,P,P,257,85.66666666666667,A
217,female,group C,high school,free/reduced,none,34,42,39,F,P,F,F,115,38.333333333333336,F
218,male,group B,high school,free/reduced,none,66,77,70,P,P,P,P,213,71.0,B
219,male,group B,some high school,standard,completed,61,56,56,P,P,P,P,173,57.666666666666664,D
220,female,group D,high school,standard,completed,56,68,74,P,P,P,P,198,66.0,C
221,male,group B,associate's degree,standard,none,87,85,73,P,P,P,P,245,81.66666666666667,A
222,female,group C,some high school,free/reduced,none,55,65,62,P,P,P,P,182,60.666666666666664,C
223,male,group D,some high school,standard,none,86,80,75,P,P,P,P,241,80.33333333333333,A
224,female,group B,associate's degree,standard,completed,52,66,73,P,P,P,P,191,63.666666666666664,C
225,female,group E,master's degree,free/reduced,none,45,56,54,P,P,P,P,155,51.666666666666664,D
226,female,group C,some college,standard,none,72,72,71,P,P,P,P,215,71.66666666666667,B
227,male,group D,high school,standard,none,57,50,54,P,P,P,P,161,53.666666666666664,D
228,male,group A,some high school,free/reduced,none,68,72,64,P,P,P,P,204,68.0,C
229,female,group C,some college,standard,completed,88,95,94,P,P,P,P,277,92.33333333333333,A
230,male,group D,some college,standard,none,76,64,66,P,P,P,P,206,68.66666666666667,C
231,male,group C,associate's degree,standard,none,46,43,42,P,P,P,P,131,43.666666666666664,E
232,female,group B,bachelor's degree,standard,none,67,86,83,P,P,P,P,236,78.66666666666667,B
233,male,group E,some high school,standard,none,92,87,78,P,P,P,P,257,85.66666666666667,A
234,male,group C,bachelor's degree,standard,completed,83,82,84,P,P,P,P,249,83.0,A
235,male,group D,associate's degree,standard,none,80,75,77,P,P,P,P,232,77.33333333333333,B
236,male,group D,bachelor's degree,free/reduced,none,63,66,67,P,P,P,P,196,65.33333333333333,C
237,female,group D,some high school,standard,completed,64,60,74,P,P,P,P,198,66.0,C
238,male,group B,some college,standard,none,54,52,51,P,P,P,P,157,52.333333333333336,D
239,male,group C,associate's degree,standard,none,84,80,80,P,P,P,P,244,81.33333333333333,A
240,male,group D,high school,free/reduced,completed,73,68,66,P,P,P,P,207,69.0,C
241,female,group E,bachelor's degree,standard,none,80,83,83,P,P,P,P,246,82.0,A
242,female,group D,high school,standard,none,56,52,55,P,P,P,P,163,54.333333333333336,D
243,male,group E,some college,standard,none,59,51,43,P,P,P,P,153,51.0,D
244,male,group D,some high school,standard,none,75,74,69,P,P,P,P,218,72.66666666666667,B
245,male,group C,associate's degree,standard,none,85,76,71,P,P,P,P,232,77.33333333333333,B
246,male,group E,associate's degree,standard,none,89,76,74,P,P,P,P,239,79.66666666666667,B
247,female,group B,high school,standard,completed,58,70,68,P,P,P,P,196,65.33333333333333,C
248,female,group B,high school,standard,none,65,64,62,P,P,P,P,191,63.666666666666664,C
249,male,group C,high school,standard,none,68,60,53,P,P,P,P,181,60.333333333333336,C
250,male,group A,some high school,standard,completed,47,49,49,P,P,P,P,145,48.333333333333336,E
251,female,group D,some college,free/reduced,none,71,83,83,P,P,P,P,237,79.0,B
252,female,group B,some high school,standard,completed,60,70,70,P,P,P,P,200,66.66666666666667,C
253,male,group D,master's degree,standard,none,80,80,72,P,P,P,P,232,77.33333333333333,B
254,male,group D,high school,standard,none,54,52,52,P,P,P,P,158,52.666666666666664,D
255,female,group E,some college,standard,none,62,73,70,P,P,P,P,205,68.33333333333333,C
256,female,group C,associate's degree,free/reduced,none,64,73,68,P,P,P,P,205,68.33333333333333,C
257,male,group C,associate's degree,standard,completed,78,77,77,P,P,P,P,232,77.33333333333333,B
258,female,group B,some college,standard,none,70,75,78,P,P,P,P,223,74.33333333333333,B
259,female,group C,master's degree,free/reduced,completed,65,81,81,P,P,P,P,227,75.66666666666667,B
260,female,group C,some high school,free/reduced,completed,64,79,77,P,P,P,P,220,73.33333333333333,B
261,male,group C,some college,standard,completed,79,79,78,P,P,P,P,236,78.66666666666667,B
262,female,group C,some high school,free/reduced,none,44,50,51,P,P,P,P,145,48.333333333333336,E
263,female,group E,high school,standard,none,99,93,90,P,P,P,P,282,94.0,A
264,male,group D,high school,standard,none,76,73,68,P,P,P,P,217,72.33333333333333,B
265,male,group D,some high school,free/reduced,none,59,42,41,P,P,P,P,142,47.333333333333336,E
266,female,group C,bachelor's degree,standard,none,63,75,81,P,P,P,P,219,73.0,B
267,female,group D,high school,standard,none,69,72,77,P,P,P,P,218,72.66666666666667,B
268,female,group D,associate's degree,standard,completed,88,92,95,P,P,P,P,275,91.66666666666667,A
269,female,group E,some college,free/reduced,none,71,76,70,P,P,P,P,217,72.33333333333333,B
270,male,group C,bachelor's degree,standard,none,69,63,61,P,P,P,P,193,64.33333333333333,C
271,male,group C,some college,standard,none,58,49,42,P,P,P,P,149,49.666666666666664,E
272,female,group D,associate's degree,free/reduced,none,47,53,58,P,P,P,P,158,52.666666666666664,D
273,female,group D,some college,standard,none,65,70,71,P,P,P,P,206,68.66666666666667,C
274,male,group B,some college,standard,completed,88,85,76,P,P,P,P,249,83.0,A
275,male,group C,bachelor's degree,standard,none,83,78,73,P,P,P,P,234,78.0,B
276,female,group C,some high school,standard,completed,85,92,93,P,P,P,P,270,90.0,A
277,female,group E,high school,standard,completed,59,63,75,P,P,P,P,197,65.66666666666667,C
278,female,group C,some high school,free/reduced,none,65,86,80,P,P,P,P,231,77.0,B
279,male,group B,bachelor's degree,free/reduced,none,73,56,57,P,P,P,P,186,62.0,C
280,male,group D,high school,standard,none,53,52,42,P,P,P,P,147,49.0,E
281,male,group D,high school,standard,none,45,48,46,P,P,P,P,139,46.333333333333336,E
282,female,group D,bachelor's degree,free/reduced,none,73,79,84,P,P,P,P,236,78.66666666666667,B
283,female,group D,some college,free/reduced,completed,70,78,78,P,P,P,P,226,75.33333333333333,B
284,female,group B,some high school,standard,none,37,46,46,F,P,P,F,129,43.0,F
285,male,group B,associate's degree,standard,completed,81,82,82,P,P,P,P,245,81.66666666666667,A
286,male,group E,associate's degree,standard,completed,97,82,88,P,P,P,P,267,89.0,A
287,female,group B,some high school,standard,none,67,89,82,P,P,P,P,238,79.33333333333333,B
288,male,group B,bachelor's degree,free/reduced,none,88,75,76,P,P,P,P,239,79.66666666666667,B
289,male,group E,some high school,standard,completed,77,76,77,P,P,P,P,230,76.66666666666667,B
290,male,group C,associate's degree,standard,none,76,70,68,P,P,P,P,214,71.33333333333333,B
291,male,group D,some high school,standard,none,86,73,70,P,P,P,P,229,76.33333333333333,B
292,male,group C,some high school,standard,completed,63,60,57,P,P,P,P,180,60.0,C
293,female,group E,bachelor's degree,standard,none,65,73,75,P,P,P,P,213,71.0,B
294,male,group D,high school,free/reduced,completed,78,77,80,P,P,P,P,235,78.33333333333333,B
295,male,group B,associate's degree,free/reduced,none,67,62,60,P,P,P,P,189,63.0,C
296,male,group A,some high school,standard,completed,46,41,43,P,P,P,P,130,43.333333333333336,E
297,male,group E,associate's degree,standard,completed,71,74,68,P,P,P,P,213,71.0,B
298,male,group C,high school,free/reduced,completed,40,46,50,P,P,P,P,136,45.333333333333336,E
299,male,group D,associate's degree,free/reduced,none,90,87,75,P,P,P,P,252,84.0,A
300,male,group A,some college,free/reduced,completed,81,78,81,P,P,P,P,240,80.0,A
301,male,group D,some high school,free/reduced,none,56,54,52,P,P,P,P,162,54.0,D
302,female,group C,associate's degree,standard,completed,67,84,81,P,P,P,P,232,77.33333333333333,B
303,male,group B,associate's degree,standard,none,80,76,64,P,P,P,P,220,73.33333333333333,B
304,female,group C,associate's degree,standard,completed,74,75,83,P,P,P,P,232,77.33333333333333,B
305,male,group A,some college,standard,none,69,67,69,P,P,P,P,205,68.33333333333333,C
306,male,group E,some college,standard,completed,99,87,81,P,P,P,P,267,89.0,A
307,male,group C,some high school,standard,none,51,52,44,P,P,P,P,147,49.0,E
308,female,group B,associate's degree,free/reduced,none,53,71,67,P,P,P,P,191,63.666666666666664,C
309,female,group D,high school,free/reduced,none,49,57,52,P,P,P,P,158,52.666666666666664,D
310,female,group B,associate's degree,standard,none,73,76,80,P,P,P,P,229,76.33333333333333,B
311,male,group B,bachelor's degree,standard,none,66,60,57,P,P,P,P,183,61.0,C
312,male,group D,bachelor's degree,standard,completed,67,61,68,P,P,P,P,196,65.33333333333333,C
313,female,group C,associate's degree,free/reduced,completed,68,67,69,P,P,P,P,204,68.0,C
314,female,group C,bachelor's degree,standard,completed,59,64,75,P,P,P,P,198,66.0,C
315,male,group C,high school,standard,none,71,66,65,P,P,P,P,202,67.33333333333333,C
316,female,group D,master's degree,standard,completed,77,82,91,P,P,P,P,250,83.33333333333333,A
317,male,group C,associate's degree,standard,none,83,72,78,P,P,P,P,233,77.66666666666667,B
318,male,group B,bachelor's degree,standard,none,63,71,69,P,P,P,P,203,67.66666666666667,C
319,female,group D,associate's degree,free/reduced,none,56,65,63,P,P,P,P,184,61.333333333333336,C
320,female,group C,high school,free/reduced,completed,67,79,84,P,P,P,P,230,76.66666666666667,B
321,female,group E,high school,standard,none,75,86,79,P,P,P,P,240,80.0,A
322,female,group C,some college,standard,none,71,81,80,P,P,P,P,232,77.33333333333333,B
323,female,group C,some high school,free/reduced,none,43,53,53,P,P,P,P,149,49.666666666666664,E
324,female,group C,high school,free/reduced,none,41,46,43,P,P,P,P,130,43.333333333333336,E
325,female,group C,some college,standard,none,82,90,94,P,P,P,P,266,88.66666666666667,A
326,male,group C,some college,standard,none,61,61,62,P,P,P,P,184,61.333333333333336,C
327,male,group A,some college,free/reduced,none,28,23,19,F,F,F,F,70,23.333333333333332,F
328,male,group C,associate's degree,standard,completed,82,75,77,P,P,P,P,234,78.0,B
329,female,group B,some high school,standard,none,41,55,51,P,P,P,P,147,49.0,E
330,male,group C,high school,standard,none,71,60,61,P,P,P,P,192,64.0,C
331,male,group C,associate's degree,standard,none,47,37,35,P,F,F,F,119,39.666666666666664,F
332,male,group E,associate's degree,standard,completed,62,56,53,P,P,P,P,171,57.0,D
333,male,group B,associate's degree,standard,none,90,78,81,P,P,P,P,249,83.0,A
334,female,group C,bachelor's degree,standard,none,83,93,95,P,P,P,P,271,90.33333333333333,A
335,female,group B,some college,free/reduced,none,61,68,66,P,P,P,P,195,65.0,C
336,male,group D,some high school,standard,completed,76,70,69,P,P,P,P,215,71.66666666666667,B
337,male,group C,associate's degree,standard,none,49,51,43,P,P,P,P,143,47.666666666666664,E
338,female,group B,some high school,free/reduced,none,24,38,27,F,F,F,F,89,29.666666666666668,F
339,female,group D,some high school,free/reduced,completed,35,55,60,F,P,P,F,150,50.0,F
340,male,group C,high school,free/reduced,none,58,61,52,P,P,P,P,171,57.0,D
341,female,group C,high school,standard,none,61,73,63,P,P,P,P,197,65.66666666666667,C
342,female,group B,high school,standard,completed,69,76,74,P,P,P,P,219,73.0,B
343,male,group D,associate's degree,standard,completed,67,72,67,P,P,P,P,206,68.66666666666667,C
344,male,group D,some college,standard,none,79,73,67,P,P,P,P,219,73.0,B
345,female,group C,high school,standard,none,72,80,75,P,P,P,P,227,75.66666666666667,B
346,male,group B,some college,standard,none,62,61,57,P,P,P,P,180,60.0,C
347,female,group C,bachelor's degree,standard,completed,77,94,95,P,P,P,P,266,88.66666666666667,A
348,male,group D,high school,free/reduced,none,75,74,66,P,P,P,P,215,71.66666666666667,B
349,male,group E,associate's degree,standard,none,87,74,76,P,P,P,P,237,79.0,B
350,female,group B,bachelor's degree,standard,none,52,65,69,P,P,P,P,186,62.0,C
351,male,group E,some college,standard,none,66,57,52,P,P,P,P,175,58.333333333333336,D
352,female,group C,some college,standard,completed,63,78,80,P,P,P,P,221,73.66666666666667,B
353,female,group C,associate's degree,standard,none,46,58,57,P,P,P,P,161,53.666666666666664,D
354,female,group C,some college,standard,none,59,71,70,P,P,P,P,200,66.66666666666667,C
355,female,group B,bachelor's degree,standard,none,61,72,70,P,P,P,P,203,67.66666666666667,C
356,male,group A,associate's degree,standard,none,63,61,61,P,P,P,P,185,61.666666666666664,C
357,female,group C,some college,free/reduced,completed,42,66,69,P,P,P,P,177,59.0,D
358,male,group D,some college,free/reduced,none,59,62,61,P,P,P,P,182,60.666666666666664,C
359,female,group D,some college,standard,none,80,90,89,P,P,P,P,259,86.33333333333333,A
360,female,group B,high school,standard,none,58,62,59,P,P,P,P,179,59.666666666666664,D
361,male,group B,some high school,standard,completed,85,84,78,P,P,P,P,247,82.33333333333333,A
362,female,group C,some college,standard,none,52,58,58,P,P,P,P,168,56.0,D
363,female,group D,some high school,free/reduced,none,27,34,32,F,F,F,F,93,31.0,F
364,male,group C,some college,standard,none,59,60,58,P,P,P,P,177,59.0,D
365,male,group A,bachelor's degree,free/reduced,completed,49,58,60,P,P,P,P,167,55.666666666666664,D
366,male,group C,high school,standard,completed,69,58,53,P,P,P,P,180,60.0,C
367,male,group C,bachelor's degree,free/reduced,none,61,66,61,P,P,P,P,188,62.666666666666664,C
368,female,group A,some high school,free/reduced,none,44,64,58,P,P,P,P,166,55.333333333333336,D
369,female,group D,some high school,standard,none,73,84,85,P,P,P,P,242,80.66666666666667,A
370,male,group E,some college,standard,none,84,77,71,P,P,P,P,232,77.33333333333333,B
371,female,group C,some college,free/reduced,completed,45,73,70,P,P,P,P,188,62.666666666666664,C
372,male,group D,some high school,standard,none,74,74,72,P,P,P,P,220,73.33333333333333,B
373,female,group D,some college,standard,completed,82,97,96,P,P,P,P,275,91.66666666666667,A
374,female,group D,bachelor's degree,standard,none,59,70,73,P,P,P,P,202,67.33333333333333,C
375,male,group E,associate's degree,free/reduced,none,46,43,41,P,P,P,P,130,43.333333333333336,E
376,female,group D,some high school,standard,none,80,90,82,P,P,P,P,252,84.0,A
377,female,group D,master's degree,free/reduced,completed,85,95,100,P,P,P,P,280,93.33333333333333,A
378,female,group A,some high school,standard,none,71,83,77,P,P,P,P,231,77.0,B
379,male,group A,bachelor's degree,standard,none,66,64,62,P,P,P,P,192,64.0,C
380,female,group B,associate's degree,standard,none,80,86,83,P,P,P,P,249,83.0,A
381,male,group C,associate's degree,standard,completed,87,100,95,P,P,P,P,282,94.0,A
382,male,group C,master's degree,free/reduced,none,79,81,71,P,P,P,P,231,77.0,B
383,female,group E,some high school,free/reduced,none,38,49,45,F,P,P,F,132,44.0,F
384,female,group A,some high school,free/reduced,none,38,43,43,F,P,P,F,124,41.333333333333336,F
385,female,group E,some college,standard,none,67,76,75,P,P,P,P,218,72.66666666666667,B
386,female,group E,bachelor's degree,standard,none,64,73,70,P,P,P,P,207,69.0,C
387,female,group C,associate's degree,free/reduced,none,57,78,67,P,P,P,P,202,67.33333333333333,C
388,female,group D,high school,standard,none,62,64,64,P,P,P,P,190,63.333333333333336,C
389,male,group D,master's degree,standard,none,73,70,75,P,P,P,P,218,72.66666666666667,B
390,male,group E,some high school,free/reduced,completed,73,67,59,P,P,P,P,199,66.33333333333333,C
391,female,group D,some college,standard,none,77,68,77,P,P,P,P,222,74.0,B
392,male,group E,some college,standard,none,76,67,67,P,P,P,P,210,70.0,B
393,male,group C,associate's degree,standard,completed,57,54,56,P,P,P,P,167,55.666666666666664,D
394,female,group C,some high school,standard,completed,65,74,77,P,P,P,P,216,72.0,B
395,male,group A,high school,free/reduced,none,48,45,41,P,P,P,P,134,44.666666666666664,E
396,female,group B,high school,free/reduced,none,50,67,63,P,P,P,P,180,60.0,C
397,female,group C,associate's degree,standard,none,85,89,95,P,P,P,P,269,89.66666666666667,A
398,male,group B,some high school,standard,none,74,63,57,P,P,P,P,194,64.66666666666667,C
399,male,group D,some high school,standard,none,60,59,54,P,P,P,P,173,57.666666666666664,D
400,female,group C,some high school,standard,completed,59,54,67,P,P,P,P,180,60.0,C
401,male,group A,some college,standard,none,53,43,43,P,P,P,P,139,46.333333333333336,E
402,female,group A,some college,free/reduced,none,49,65,55,P,P,P,P,169,56.333333333333336,D
403,female,group D,high school,standard,completed,88,99,100,P,P,P,P,287,95.66666666666667,A
404,female,group C,high school,standard,none,54,59,62,P,P,P,P,175,58.333333333333336,D
405,female,group C,some high school,standard,none,63,73,68,P,P,P,P,204,68.0,C
406,male,group B,associate's degree,standard,completed,65,65,63,P,P,P,P,193,64.33333333333333,C
407,female,group B,associate's degree,standard,none,82,80,77,P,P,P,P,239,79.66666666666667,B
408,female,group D,high school,free/reduced,completed,52,57,56,P,P,P,P,165,55.0,D
409,male,group D,associate's degree,standard,completed,87,84,85,P,P,P,P,256,85.33333333333333,A
410,female,group D,master's degree,standard,completed,70,71,74,P,P,P,P,215,71.66666666666667,B
411,male,group E,some college,standard,completed,84,83,78,P,P,P,P,245,81.66666666666667,A
412,male,group D,associate's degree,standard,none,71,66,60,P,P,P,P,197,65.66666666666667,C
413,male,group B,some high school,standard,completed,63,67,67,P,P,P,P,197,65.66666666666667,C
414,female,group C,bachelor's degree,free/reduced,completed,51,72,79,P,P,P,P,202,67.33333333333333,C
415,male,group E,high school,standard,none,84,73,69,P,P,P,P,226,75.33333333333333,B
416,male,group C,bachelor's degree,standard,completed,71,74,68,P,P,P,P,213,71.0,B
417,male,group C,associate's degree,standard,none,74,73,67,P,P,P,P,214,71.33333333333333,B
418,male,group D,some college,standard,none,68,59,62,P,P,P,P,189,63.0,C
419,male,group E,high school,free/reduced,completed,57,56,54,P,P,P,P,167,55.666666666666664,D
420,female,group C,associate's degree,free/reduced,completed,82,93,93,P,P,P,P,268,89.33333333333333,A
421,female,group D,high school,standard,completed,57,58,64,P,P,P,P,179,59.666666666666664,D
422,female,group D,master's degree,free/reduced,completed,47,58,67,P,P,P,P,172,57.333333333333336,D
423,female,group A,some high school,standard,completed,59,85,80,P,P,P,P,224,74.66666666666667,B
424,male,group B,some college,free/reduced,none,41,39,34,P,F,F,F,114,38.0,F
425,female,group C,some college,free/reduced,none,62,67,62,P,P,P,P,191,63.666666666666664,C
426,male,group C,bachelor's degree,standard,none,86,83,86,P,P,P,P,255,85.0,A
427,male,group C,some high school,free/reduced,none,69,71,65,P,P,P,P,205,68.33333333333333,C
428,male,group A,some high school,free/reduced,none,65,59,53,P,P,P,P,177,59.0,D
429,male,group C,some high school,free/reduced,none,68,63,54,P,P,P,P,185,61.666666666666664,C
430,male,group C,associate's degree,free/reduced,none,64,66,59,P,P,P,P,189,63.0,C
431,female,group C,high school,standard,none,61,72,70,P,P,P,P,203,67.66666666666667,C
432,male,group C,high school,standard,none,61,56,55,P,P,P,P,172,57.333333333333336,D
433,female,group A,some high school,free/reduced,none,47,59,50,P,P,P,P,156,52.0,D
434,male,group C,some high school,standard,none,73,66,66,P,P,P,P,205,68.33333333333333,C
435,male,group C,some college,free/reduced,completed,50,48,53,P,P,P,P,151,50.333333333333336,D
436,male,group D,associate's degree,standard,none,75,68,64,P,P,P,P,207,69.0,C
437,male,group D,associate's degree,free/reduced,none,75,66,73,P,P,P,P,214,71.33333333333333,B
438,male,group C,high school,standard,none,70,56,51,P,P,P,P,177,59.0,D
439,male,group D,some high school,standard,completed,89,88,82,P,P,P,P,259,86.33333333333333,A
440,female,group C,some college,standard,completed,67,81,79,P,P,P,P,227,75.66666666666667,B
441,female,group D,high school,standard,none,78,81,80,P,P,P,P,239,79.66666666666667,B
442,female,group A,some high school,free/reduced,none,59,73,69,P,P,P,P,201,67.0,C
443,female,group B,associate's degree,standard,none,73,83,76,P,P,P,P,232,77.33333333333333,B
444,male,group A,some high school,free/reduced,none,79,82,73,P,P,P,P,234,78.0,B
445,female,group C,some high school,standard,completed,67,74,77,P,P,P,P,218,72.66666666666667,B
446,male,group D,some college,free/reduced,none,69,66,60,P,P,P,P,195,65.0,C
447,male,group C,high school,standard,completed,86,81,80,P,P,P,P,247,82.33333333333333,A
448,male,group B,high school,standard,none,47,46,42,P,P,P,P,135,45.0,E
449,male,group B,associate's degree,standard,none,81,73,72,P,P,P,P,226,75.33333333333333,B
450,female,group C,some college,free/reduced,completed,64,85,85,P,P,P,P,234,78.0,B
451,female,group E,some college,standard,none,100,92,97,P,P,P,P,289,96.33333333333333,A
452,female,group C,associate's degree,free/reduced,none,65,77,74,P,P,P,P,216,72.0,B
453,male,group C,some college,free/reduced,none,65,58,49,P,P,P,P,172,57.333333333333336,D
454,female,group C,associate's degree,free/reduced,none,53,61,62,P,P,P,P,176,58.666666666666664,D
455,male,group C,bachelor's degree,free/reduced,none,37,56,47,F,P,P,F,140,46.666666666666664,F
456,female,group D,bachelor's degree,standard,none,79,89,89,P,P,P,P,257,85.66666666666667,A
457,male,group D,associate's degree,free/reduced,none,53,54,48,P,P,P,P,155,51.666666666666664,D
458,female,group E,bachelor's degree,standard,none,100,100,100,P,P,P,P,300,100.0,A
459,male,group B,high school,standard,completed,72,65,68,P,P,P,P,205,68.33333333333333,C
460,male,group C,bachelor's degree,free/reduced,none,53,58,55,P,P,P,P,166,55.333333333333336,D
461,male,group B,some college,free/reduced,none,54,54,45,P,P,P,P,153,51.0,D
462,female,group E,some college,standard,none,71,70,76,P,P,P,P,217,72.33333333333333,B
463,female,group C,some college,free/reduced,none,77,90,91,P,P,P,P,258,86.0,A
464,male,group A,bachelor's degree,standard,completed,75,58,62,P,P,P,P,195,65.0,C
465,female,group C,some college,standard,none,84,87,91,P,P,P,P,262,87.33333333333333,A
466,female,group D,associate's degree,free/reduced,none,26,31,38,F,F,F,F,95,31.666666666666668,F
467,male,group A,high school,free/reduced,completed,72,67,65,P,P,P,P,204,68.0,C
468,female,group A,high school,free/reduced,completed,77,88,85,P,P,P,P,250,83.33333333333333,A
469,male,group C,some college,standard,none,91,74,76,P,P,P,P,241,80.33333333333333,A
470,female,group C,associate's degree,standard,completed,83,85,90,P,P,P,P,258,86.0,A
471,female,group C,high school,standard,none,63,69,74,P,P,P,P,206,68.66666666666667,C
472,female,group C,associate's degree,standard,completed,68,86,84,P,P,P,P,238,79.33333333333333,B
473,female,group D,some high school,standard,none,59,67,61,P,P,P,P,187,62.333333333333336,C
474,female,group B,associate's degree,standard,completed,90,90,91,P,P,P,P,271,90.33333333333333,A
475,female,group D,bachelor's degree,standard,completed,71,76,83,P,P,P,P,230,76.66666666666667,B
476,male,group E,bachelor's degree,standard,completed,76,62,66,P,P,P,P,204,68.0,C
477,male,group D,associate's degree,standard,none,80,68,72,P,P,P,P,220,73.33333333333333,B
478,female,group D,master's degree,standard,none,55,64,70,P,P,P,P,189,63.0,C
479,male,group E,associate's degree,standard,none,76,71,67,P,P,P,P,214,71.33333333333333,B
480,male,group B,high school,standard,completed,73,71,68,P,P,P,P,212,70.66666666666667,B
481,female,group D,associate's degree,free/reduced,none,52,59,56,P,P,P,P,167,55.666666666666664,D
482,male,group C,some college,free/reduced,none,68,68,61,P,P,P,P,197,65.66666666666667,C
483,male,group A,high school,standard,none,59,52,46,P,P,P,P,157,52.333333333333336,D
484,female,group B,associate's degree,standard,none,49,52,54,P,P,P,P,155,51.666666666666664,D
485,male,group C,high school,standard,none,70,74,71,P,P,P,P,215,71.66666666666667,B
486,male,group D,some college,free/reduced,none,61,47,56,P,P,P,P,164,54.666666666666664,D
487,female,group C,associate's degree,free/reduced,none,60,75,74,P,P,P,P,209,69.66666666666667,C
488,male,group B,some high school,standard,completed,64,53,57,P,P,P,P,174,58.0,D
489,male,group A,associate's degree,free/reduced,completed,79,82,82,P,P,P,P,243,81.0,A
490,female,group A,associate's degree,free/reduced,none,65,85,76,P,P,P,P,226,75.33333333333333,B
491,female,group C,associate's degree,standard,none,64,64,70,P,P,P,P,198,66.0,C
492,female,group C,some college,standard,none,83,83,90,P,P,P,P,256,85.33333333333333,A
493,female,group C,bachelor's degree,standard,none,81,88,90,P,P,P,P,259,86.33333333333333,A
494,female,group B,high school,standard,none,54,64,68,P,P,P,P,186,62.0,C
495,male,group D,high school,standard,completed,68,64,66,P,P,P,P,198,66.0,C
496,female,group C,some college,standard,none,54,48,52,P,P,P,P,154,51.333333333333336,D
497,female,group D,some college,free/reduced,completed,59,78,76,P,P,P,P,213,71.0,B
498,female,group B,some high school,standard,none,66,69,68,P,P,P,P,203,67.66666666666667,C
499,male,group E,some college,standard,none,76,71,72,P,P,P,P,219,73.0,B
500,female,group D,master's degree,standard,none,74,79,82,P,P,P,P,235,78.33333333333333,B
501,female,group B,associate's degree,standard,completed,94,87,92,P,P,P,P,273,91.0,A
502,male,group C,some college,free/reduced,none,63,61,54,P,P,P,P,178,59.333333333333336,D
503,female,group E,associate's degree,standard,completed,95,89,92,P,P,P,P,276,92.0,A
504,female,group D,master's degree,free/reduced,none,40,59,54,P,P,P,P,153,51.0,D
505,female,group B,some high school,standard,none,82,82,80,P,P,P,P,244,81.33333333333333,A
506,male,group A,high school,standard,none,68,70,66,P,P,P,P,204,68.0,C
507,male,group B,bachelor's degree,free/reduced,none,55,59,54,P,P,P,P,168,56.0,D
508,male,group C,master's degree,standard,none,79,78,77,P,P,P,P,234,78.0,B
509,female,group C,bachelor's degree,standard,none,86,92,87,P,P,P,P,265,88.33333333333333,A
510,male,group D,some college,standard,none,76,71,73,P,P,P,P,220,73.33333333333333,B
511,male,group A,some high school,standard,none,64,50,43,P,P,P,P,157,52.333333333333336,D
512,male,group D,some high school,free/reduced,none,62,49,52,P,P,P,P,163,54.333333333333336,D
513,female,group B,some high school,standard,completed,54,61,62,P,P,P,P,177,59.0,D
514,female,group B,master's degree,free/reduced,completed,77,97,94,P,P,P,P,268,89.33333333333333,A
515,female,group C,some high school,standard,completed,76,87,85,P,P,P,P,248,82.66666666666667,A
516,female,group D,some college,standard,none,74,89,84,P,P,P,P,247,82.33333333333333,A
517,female,group E,some college,standard,completed,66,74,73,P,P,P,P,213,71.0,B
518,female,group D,some high school,standard,completed,66,78,78,P,P,P,P,222,74.0,B
519,female,group B,high school,free/reduced,completed,67,78,79,P,P,P,P,224,74.66666666666667,B
520,male,group D,some college,standard,none,71,49,52,P,P,P,P,172,57.333333333333336,D
521,female,group C,associate's degree,standard,none,91,86,84,P,P,P,P,261,87.0,A
522,male,group D,bachelor's degree,standard,none,69,58,57,P,P,P,P,184,61.333333333333336,C
523,male,group C,master's degree,free/reduced,none,54,59,50,P,P,P,P,163,54.333333333333336,D
524,male,group C,high school,standard,completed,53,52,49,P,P,P,P,154,51.333333333333336,D
525,male,group E,some college,standard,none,68,60,59,P,P,P,P,187,62.333333333333336,C
526,male,group C,some high school,free/reduced,completed,56,61,60,P,P,P,P,177,59.0,D
527,female,group C,high school,free/reduced,none,36,53,43,F,P,P,F,132,44.0,F
528,female,group D,bachelor's degree,free/reduced,none,29,41,47,F,P,P,F,117,39.0,F
529,female,group C,associate's degree,standard,none,62,74,70,P,P,P,P,206,68.66666666666667,C
530,female,group C,associate's degree,standard,completed,68,67,73,P,P,P,P,208,69.33333333333333,C
531,female,group C,some high school,standard,none,47,54,53,P,P,P,P,154,51.333333333333336,D
532,male,group E,associate's degree,standard,completed,62,61,58,P,P,P,P,181,60.333333333333336,C
533,female,group E,associate's degree,standard,completed,79,88,94,P,P,P,P,261,87.0,A
534,male,group B,high school,standard,completed,73,69,68,P,P,P,P,210,70.0,B
535,female,group C,bachelor's degree,free/reduced,completed,66,83,83,P,P,P,P,232,77.33333333333333,B
536,male,group C,associate's degree,standard,completed,51,60,58,P,P,P,P,169,56.333333333333336,D
537,female,group D,high school,standard,none,51,66,62,P,P,P,P,179,59.666666666666664,D
538,male,group E,bachelor's degree,standard,completed,85,66,71,P,P,P,P,222,74.0,B
539,male,group A,associate's degree,standard,completed,97,92,86,P,P,P,P,275,91.66666666666667,A
540,male,group C,high school,standard,completed,75,69,68,P,P,P,P,212,70.66666666666667,B
541,male,group D,associate's degree,free/reduced,completed,79,82,80,P,P,P,P,241,80.33333333333333,A
542,female,group C,associate's degree,standard,none,81,77,79,P,P,P,P,237,79.0,B
543,female,group D,associate's degree,standard,none,82,95,89,P,P,P,P,266,88.66666666666667,A
544,female,group D,master's degree,standard,none,64,63,66,P,P,P,P,193,64.33333333333333,C
545,male,group E,some high school,free/reduced,completed,78,83,80,P,P,P,P,241,80.33333333333333,A
546,female,group A,some high school,standard,completed,92,100,97,P,P,P,P,289,96.33333333333333,A
547,male,group C,high school,standard,completed,72,67,64,P,P,P,P,203,67.66666666666667,C
548,female,group C,high school,free/reduced,none,62,67,64,P,P,P,P,193,64.33333333333333,C
549,male,group C,master's degree,standard,none,79,72,69,P,P,P,P,220,73.33333333333333,B
550,male,group C,some high school,free/reduced,none,79,76,65,P,P,P,P,220,73.33333333333333,B
551,male,group B,bachelor's degree,free/reduced,completed,87,90,88,P,P,P,P,265,88.33333333333333,A
552,female,group B,associate's degree,standard,none,40,48,50,P,P,P,P,138,46.0,E
553,male,group D,some college,free/reduced,none,77,62,64,P,P,P,P,203,67.66666666666667,C
554,male,group E,associate's degree,standard,none,53,45,40,P,P,P,P,138,46.0,E
555,female,group C,some college,free/reduced,none,32,39,33,F,F,F,F,104,34.666666666666664,F
556,female,group C,associate's degree,standard,completed,55,72,79,P,P,P,P,206,68.66666666666667,C
557,male,group C,master's degree,free/reduced,none,61,67,66,P,P,P,P,194,64.66666666666667,C
558,female,group B,associate's degree,free/reduced,none,53,70,70,P,P,P,P,193,64.33333333333333,C
559,male,group D,some high school,standard,none,73,66,62,P,P,P,P,201,67.0,C
560,female,group D,some college,standard,completed,74,75,79,P,P,P,P,228,76.0,B
561,female,group C,some college,standard,none,63,74,74,P,P,P,P,211,70.33333333333333,B
562,male,group C,bachelor's degree,standard,completed,96,90,92,P,P,P,P,278,92.66666666666667,A
563,female,group D,some college,free/reduced,completed,63,80,80,P,P,P,P,223,74.33333333333333,B
564,male,group B,bachelor's degree,free/reduced,none,48,51,46,P,P,P,P,145,48.333333333333336,E
565,male,group B,associate's degree,standard,none,48,43,45,P,P,P,P,136,45.333333333333336,E
566,female,group E,bachelor's degree,free/reduced,completed,92,100,100,P,P,P,P,292,97.33333333333333,A
567,female,group D,master's degree,free/reduced,completed,61,71,78,P,P,P,P,210,70.0,B
568,male,group B,high school,free/reduced,none,63,48,47,P,P,P,P,158,52.666666666666664,D
569,male,group D,bachelor's degree,free/reduced,none,68,68,67,P,P,P,P,203,67.66666666666667,C
570,male,group B,some college,standard,completed,71,75,70,P,P,P,P,216,72.0,B
571,male,group A,bachelor's degree,standard,none,91,96,92,P,P,P,P,279,93.0,A
572,female,group C,some college,standard,none,53,62,56,P,P,P,P,171,57.0,D
573,female,group C,high school,free/reduced,completed,50,66,64,P,P,P,P,180,60.0,C
574,female,group E,high school,standard,none,74,81,71,P,P,P,P,226,75.33333333333333,B
575,male,group A,associate's degree,free/reduced,completed,40,55,53,P,P,P,P,148,49.333333333333336,E
576,male,group A,some college,standard,completed,61,51,52,P,P,P,P,164,54.666666666666664,D
577,female,group B,high school,standard,none,81,91,89,P,P,P,P,261,87.0,A
578,female,group B,some college,free/reduced,completed,48,56,58,P,P,P,P,162,54.0,D
579,female,group D,master's degree,standard,none,53,61,68,P,P,P,P,182,60.666666666666664,C
580,female,group D,some high school,standard,none,81,97,96,P,P,P,P,274,91.33333333333333,A
581,female,group E,some high school,standard,none,77,79,80,P,P,P,P,236,78.66666666666667,B
582,female,group D,bachelor's degree,free/reduced,none,63,73,78,P,P,P,P,214,71.33333333333333,B
583,female,group D,associate's degree,standard,completed,73,75,80,P,P,P,P,228,76.0,B
584,female,group D,some college,standard,none,69,77,77,P,P,P,P,223,74.33333333333333,B
585,female,group C,associate's degree,standard,none,65,76,76,P,P,P,P,217,72.33333333333333,B
586,female,group A,high school,standard,none,55,73,73,P,P,P,P,201,67.0,C
587,female,group C,bachelor's degree,free/reduced,none,44,63,62,P,P,P,P,169,56.333333333333336,D
588,female,group C,some college,standard,none,54,64,65,P,P,P,P,183,61.0,C
589,female,group A,some high school,standard,none,48,66,65,P,P,P,P,179,59.666666666666664,D
590,male,group C,some college,free/reduced,none,58,57,54,P,P,P,P,169,56.333333333333336,D
591,male,group A,some high school,standard,none,71,62,50,P,P,P,P,183,61.0,C
592,male,group E,bachelor's degree,standard,none,68,68,64,P,P,P,P,200,66.66666666666667,C
593,female,group E,high school,standard,none,74,76,73,P,P,P,P,223,74.33333333333333,B
594,female,group C,bachelor's degree,standard,completed,92,100,99,P,P,P,P,291,97.0,A
595,female,group C,bachelor's degree,standard,completed,56,79,72,P,P,P,P,207,69.0,C
596,male,group B,high school,free/reduced,none,30,24,15,F,F,F,F,69,23.0,F
597,male,group A,some high school,standard,none,53,54,48,P,P,P,P,155,51.666666666666664,D
598,female,group D,high school,standard,none,69,77,73,P,P,P,P,219,73.0,B
599,female,group D,some high school,standard,none,65,82,81,P,P,P,P,228,76.0,B
600,female,group D,master's degree,standard,none,54,60,63,P,P,P,P,177,59.0,D
601,female,group C,high school,standard,none,29,29,30,F,F,F,F,88,29.333333333333332,F
602,female,group E,some college,standard,none,76,78,80,P,P,P,P,234,78.0,B
603,male,group D,high school,free/reduced,none,60,57,51,P,P,P,P,168,56.0,D
604,male,group D,master's degree,free/reduced,completed,84,89,90,P,P,P,P,263,87.66666666666667,A
605,male,group C,some high school,standard,none,75,72,62,P,P,P,P,209,69.66666666666667,C
606,female,group C,associate's degree,standard,none,85,84,82,P,P,P,P,251,83.66666666666667,A
607,female,group C,master's degree,free/reduced,none,40,58,54,P,P,P,P,152,50.666666666666664,D
608,female,group E,some college,standard,none,61,64,62,P,P,P,P,187,62.333333333333336,C
609,female,group B,associate's degree,standard,none,58,63,65,P,P,P,P,186,62.0,C
610,male,group D,some college,free/reduced,completed,69,60,63,P,P,P,P,192,64.0,C
611,female,group C,some college,standard,none,58,59,66,P,P,P,P,183,61.0,C
612,male,group C,bachelor's degree,standard,completed,94,90,91,P,P,P,P,275,91.66666666666667,A
613,female,group C,associate's degree,standard,none,65,77,74,P,P,P,P,216,72.0,B
614,female,group A,associate's degree,standard,none,82,93,93,P,P,P,P,268,89.33333333333333,A
615,female,group C,high school,standard,none,60,68,72,P,P,P,P,200,66.66666666666667,C
616,female,group E,bachelor's degree,standard,none,37,45,38,F,P,F,F,120,40.0,F
617,male,group D,bachelor's degree,standard,none,88,78,83,P,P,P,P,249,83.0,A
618,male,group D,master's degree,standard,none,95,81,84,P,P,P,P,260,86.66666666666667,A
619,male,group C,associate's degree,free/reduced,completed,65,73,68,P,P,P,P,206,68.66666666666667,C
620,female,group C,high school,free/reduced,none,35,61,54,F,P,P,F,150,50.0,F
621,male,group B,bachelor's degree,free/reduced,none,62,63,56,P,P,P,P,181,60.333333333333336,C
622,male,group C,high school,free/reduced,completed,58,51,52,P,P,P,P,161,53.666666666666664,D
623,male,group A,some college,standard,completed,100,96,86,P,P,P,P,282,94.0,A
624,female,group E,bachelor's degree,free/reduced,none,61,58,62,P,P,P,P,181,60.333333333333336,C
625,male,group D,some college,standard,completed,100,97,99,P,P,P,P,296,98.66666666666667,A
626,male,group B,associate's degree,free/reduced,completed,69,70,63,P,P,P,P,202,67.33333333333333,C
627,male,group D,associate's degree,standard,none,61,48,46,P,P,P,P,155,51.666666666666664,D
628,male,group D,some college,free/reduced,none,49,57,46,P,P,P,P,152,50.666666666666664,D
629,female,group C,some high school,standard,completed,44,51,55,P,P,P,P,150,50.0,D
630,male,group D,some college,standard,none,67,64,70,P,P,P,P,201,67.0,C
631,male,group B,high school,standard,none,79,60,65,P,P,P,P,204,68.0,C
632,female,group B,bachelor's degree,standard,completed,66,74,81,P,P,P,P,221,73.66666666666667,B
633,female,group C,high school,standard,none,75,88,85,P,P,P,P,248,82.66666666666667,A
634,male,group D,some high school,standard,none,84,84,80,P,P,P,P,248,82.66666666666667,A
635,male,group A,high school,standard,none,71,74,64,P,P,P,P,209,69.66666666666667,C
636,female,group B,high school,free/reduced,completed,67,80,81,P,P,P,P,228,76.0,B
637,female,group D,some high school,standard,completed,80,92,88,P,P,P,P,260,86.66666666666667,A
638,male,group E,some college,standard,none,86,76,74,P,P,P,P,236,78.66666666666667,B
639,female,group D,associate's degree,standard,none,76,74,73,P,P,P,P,223,74.33333333333333,B
640,male,group D,high school,standard,none,41,52,51,P,P,P,P,144,48.0,E
641,female,group D,associate's degree,free/reduced,completed,74,88,90,P,P,P,P,252,84.0,A
642,female,group B,some high school,free/reduced,none,72,81,79,P,P,P,P,232,77.33333333333333,B
643,female,group E,high school,standard,completed,74,79,80,P,P,P,P,233,77.66666666666667,B
644,male,group B,high school,standard,none,70,65,60,P,P,P,P,195,65.0,C
645,female,group B,bachelor's degree,standard,completed,65,81,81,P,P,P,P,227,75.66666666666667,B
646,female,group D,associate's degree,standard,none,59,70,65,P,P,P,P,194,64.66666666666667,C
647,female,group E,high school,free/reduced,none,64,62,68,P,P,P,P,194,64.66666666666667,C
648,female,group B,high school,standard,none,50,53,55,P,P,P,P,158,52.666666666666664,D
649,female,group D,some college,standard,completed,69,79,81,P,P,P,P,229,76.33333333333333,B
650,male,group C,some high school,free/reduced,completed,51,56,53,P,P,P,P,160,53.333333333333336,D
651,female,group A,high school,standard,completed,68,80,76,P,P,P,P,224,74.66666666666667,B
652,female,group D,some college,standard,completed,85,86,98,P,P,P,P,269,89.66666666666667,A
653,female,group A,associate's degree,standard,completed,65,70,74,P,P,P,P,209,69.66666666666667,C
654,female,group B,some high school,standard,none,73,79,79,P,P,P,P,231,77.0,B
655,female,group B,some college,standard,none,62,67,67,P,P,P,P,196,65.33333333333333,C
656,male,group C,associate's degree,free/reduced,none,77,67,64,P,P,P,P,208,69.33333333333333,C
657,male,group D,some high school,standard,none,69,66,61,P,P,P,P,196,65.33333333333333,C
658,female,group D,associate's degree,free/reduced,none,43,60,58,P,P,P,P,161,53.666666666666664,D
659,male,group D,associate's degree,standard,none,90,87,85,P,P,P,P,262,87.33333333333333,A
660,male,group C,some college,free/reduced,none,74,77,73,P,P,P,P,224,74.66666666666667,B
661,male,group C,some high school,standard,none,73,66,63,P,P,P,P,202,67.33333333333333,C
662,female,group D,some college,free/reduced,none,55,71,69,P,P,P,P,195,65.0,C
663,female,group C,high school,standard,none,65,69,67,P,P,P,P,201,67.0,C
664,male,group D,associate's degree,standard,none,80,63,63,P,P,P,P,206,68.66666666666667,C
665,female,group C,some high school,free/reduced,completed,50,60,60,P,P,P,P,170,56.666666666666664,D
666,female,group C,some college,free/reduced,completed,63,73,71,P,P,P,P,207,69.0,C
667,female,group B,bachelor's degree,free/reduced,none,77,85,87,P,P,P,P,249,83.0,A
668,male,group C,some college,standard,none,73,74,61,P,P,P,P,208,69.33333333333333,C
669,male,group D,associate's degree,standard,completed,81,72,77,P,P,P,P,230,76.66666666666667,B
670,female,group C,high school,free/reduced,none,66,76,68,P,P,P,P,210,70.0,B
671,male,group D,associate's degree,free/reduced,none,52,57,50,P,P,P,P,159,53.0,D
672,female,group C,some college,standard,none,69,78,76,P,P,P,P,223,74.33333333333333,B
673,female,group C,associate's degree,standard,completed,65,84,84,P,P,P,P,233,77.66666666666667,B
674,female,group D,high school,standard,completed,69,77,78,P,P,P,P,224,74.66666666666667,B
675,female,group B,some college,standard,completed,50,64,66,P,P,P,P,180,60.0,C
676,female,group E,some college,standard,completed,73,78,76,P,P,P,P,227,75.66666666666667,B
677,female,group C,some high school,standard,completed,70,82,76,P,P,P,P,228,76.0,B
678,male,group D,associate's degree,free/reduced,none,81,75,78,P,P,P,P,234,78.0,B
679,male,group D,some college,free/reduced,none,63,61,60,P,P,P,P,184,61.333333333333336,C
680,female,group D,high school,standard,none,67,72,74,P,P,P,P,213,71.0,B
681,male,group B,high school,standard,none,60,68,60,P,P,P,P,188,62.666666666666664,C
682,male,group B,high school,standard,none,62,55,54,P,P,P,P,171,57.0,D
683,female,group C,some high school,free/reduced,completed,29,40,44,F,P,P,F,113,37.666666666666664,F
684,male,group B,some college,standard,completed,62,66,68,P,P,P,P,196,65.33333333333333,C
685,female,group E,master's degree,standard,completed,94,99,100,P,P,P,P,293,97.66666666666667,A
686,male,group E,some college,standard,completed,85,75,68,P,P,P,P,228,76.0,B
687,male,group D,associate's degree,free/reduced,none,77,78,73,P,P,P,P,228,76.0,B
688,male,group A,high school,free/reduced,none,53,58,44,P,P,P,P,155,51.666666666666664,D
689,male,group E,some college,free/reduced,none,93,90,83,P,P,P,P,266,88.66666666666667,A
690,female,group C,associate's degree,standard,none,49,53,53,P,P,P,P,155,51.666666666666664,D
691,female,group E,associate's degree,free/reduced,none,73,76,78,P,P,P,P,227,75.66666666666667,B
692,female,group C,bachelor's degree,free/reduced,completed,66,74,81,P,P,P,P,221,73.66666666666667,B
693,female,group D,associate's degree,standard,none,77,77,73,P,P,P,P,227,75.66666666666667,B
694,female,group C,some high school,standard,none,49,63,56,P,P,P,P,168,56.0,D
695,female,group D,some college,free/reduced,none,79,89,86,P,P,P,P,254,84.66666666666667,A
696,female,group C,associate's degree,standard,completed,75,82,90,P,P,P,P,247,82.33333333333333,A
697,female,group A,bachelor's degree,standard,none,59,72,70,P,P,P,P,201,67.0,C
698,female,group D,associate's degree,standard,completed,57,78,79,P,P,P,P,214,71.33333333333333,B
699,male,group C,high school,free/reduced,none,66,66,59,P,P,P,P,191,63.666666666666664,C
700,female,group E,bachelor's degree,standard,completed,79,81,82,P,P,P,P,242,80.66666666666667,A
701,female,group B,some high school,standard,none,57,67,72,P,P,P,P,196,65.33333333333333,C
702,male,group A,bachelor's degree,standard,completed,87,84,87,P,P,P,P,258,86.0,A
703,female,group D,some college,standard,none,63,64,67,P,P,P,P,194,64.66666666666667,C
704,female,group B,some high school,free/reduced,completed,59,63,64,P,P,P,P,186,62.0,C
705,male,group A,bachelor's degree,free/reduced,none,62,72,65,P,P,P,P,199,66.33333333333333,C
706,male,group D,high school,standard,none,46,34,36,P,F,F,F,116,38.666666666666664,F
707,male,group C,some college,standard,none,66,59,52,P,P,P,P,177,59.0,D
708,male,group D,high school,standard,none,89,87,79,P,P,P,P,255,85.0,A
709,female,group D,associate's degree,free/reduced,completed,42,61,58,P,P,P,P,161,53.666666666666664,D
710,male,group C,some college,standard,completed,93,84,90,P,P,P,P,267,89.0,A
711,female,group E,some high school,standard,completed,80,85,85,P,P,P,P,250,83.33333333333333,A
712,female,group D,some college,standard,none,98,100,99,P,P,P,P,297,99.0,A
713,male,group D,master's degree,standard,none,81,81,84,P,P,P,P,246,82.0,A
714,female,group B,some high school,standard,completed,60,70,74,P,P,P,P,204,68.0,C
715,female,group B,associate's degree,free/reduced,completed,76,94,87,P,P,P,P,257,85.66666666666667,A
716,male,group C,associate's degree,standard,completed,73,78,72,P,P,P,P,223,74.33333333333333,B
717,female,group C,associate's degree,standard,completed,96,96,99,P,P,P,P,291,97.0,A
718,female,group C,high school,standard,none,76,76,74,P,P,P,P,226,75.33333333333333,B
719,male,group E,associate's degree,free/reduced,completed,91,73,80,P,P,P,P,244,81.33333333333333,A
720,female,group C,some college,free/reduced,none,62,72,70,P,P,P,P,204,68.0,C
721,male,group D,some high school,free/reduced,completed,55,59,59,P,P,P,P,173,57.666666666666664,D
722,female,group B,some high school,free/reduced,completed,74,90,88,P,P,P,P,252,84.0,A
723,male,group C,high school,standard,none,50,48,42,P,P,P,P,140,46.666666666666664,E
724,male,group B,some college,standard,none,47,43,41,P,P,P,P,131,43.666666666666664,E
725,male,group E,some college,standard,completed,81,74,71,P,P,P,P,226,75.33333333333333,B
726,female,group E,associate's degree,standard,completed,65,75,77,P,P,P,P,217,72.33333333333333,B
727,male,group E,some high school,standard,completed,68,51,57,P,P,P,P,176,58.666666666666664,D
728,female,group D,high school,free/reduced,none,73,92,84,P,P,P,P,249,83.0,A
729,male,group C,some college,standard,none,53,39,37,P,F,F,F,129,43.0,F
730,female,group B,associate's degree,free/reduced,completed,68,77,80,P,P,P,P,225,75.0,B
731,male,group A,some high school,free/reduced,none,55,46,43,P,P,P,P,144,48.0,E
732,female,group C,some college,standard,completed,87,89,94,P,P,P,P,270,90.0,A
733,male,group D,some high school,standard,none,55,47,44,P,P,P,P,146,48.666666666666664,E
734,female,group E,some college,free/reduced,none,53,58,57,P,P,P,P,168,56.0,D
735,male,group C,master's degree,standard,none,67,57,59,P,P,P,P,183,61.0,C
736,male,group C,associate's degree,standard,none,92,79,84,P,P,P,P,255,85.0,A
737,female,group B,some college,free/reduced,completed,53,66,73,P,P,P,P,192,64.0,C
738,male,group D,associate's degree,standard,none,81,71,73,P,P,P,P,225,75.0,B
739,male,group C,high school,free/reduced,none,61,60,55,P,P,P,P,176,58.666666666666664,D
740,male,group D,bachelor's degree,standard,none,80,73,72,P,P,P,P,225,75.0,B
741,female,group A,associate's degree,free/reduced,none,37,57,56,F,P,P,F,150,50.0,F
742,female,group C,high school,standard,none,81,84,82,P,P,P,P,247,82.33333333333333,A
743,female,group C,associate's degree,standard,completed,59,73,72,P,P,P,P,204,68.0,C
744,male,group B,some college,free/reduced,none,55,55,47,P,P,P,P,157,52.333333333333336,D
745,male,group D,associate's degree,standard,none,72,79,74,P,P,P,P,225,75.0,B
746,male,group D,high school,standard,none,69,75,71,P,P,P,P,215,71.66666666666667,B
747,male,group C,some college,standard,none,69,64,68,P,P,P,P,201,67.0,C
748,female,group C,bachelor's degree,free/reduced,none,50,60,59,P,P,P,P,169,56.333333333333336,D
749,male,group B,some college,standard,completed,87,84,86,P,P,P,P,257,85.66666666666667,A
750,male,group D,some high school,standard,completed,71,69,68,P,P,P,P,208,69.33333333333333,C
751,male,group E,some college,standard,none,68,72,65,P,P,P,P,205,68.33333333333333,C
752,male,group C,master's degree,free/reduced,completed,79,77,75,P,P,P,P,231,77.0,B
753,female,group C,some high school,standard,completed,77,90,85,P,P,P,P,252,84.0,A
754,male,group C,associate's degree,free/reduced,none,58,55,53,P,P,P,P,166,55.333333333333336,D
755,female,group E,associate's degree,standard,none,84,95,92,P,P,P,P,271,90.33333333333333,A
756,male,group D,some college,standard,none,55,58,52,P,P,P,P,165,55.0,D
757,male,group E,bachelor's degree,free/reduced,completed,70,68,72,P,P,P,P,210,70.0,B
758,female,group D,some college,free/reduced,completed,52,59,65,P,P,P,P,176,58.666666666666664,D
759,male,group B,some college,standard,completed,69,77,77,P,P,P,P,223,74.33333333333333,B
760,female,group C,high school,free/reduced,none,53,72,64,P,P,P,P,189,63.0,C
761,female,group D,some high school,standard,none,48,58,54,P,P,P,P,160,53.333333333333336,D
762,male,group D,some high school,standard,completed,78,81,86,P,P,P,P,245,81.66666666666667,A
763,female,group B,high school,standard,none,62,62,63,P,P,P,P,187,62.333333333333336,C
764,male,group D,some college,standard,none,60,63,59,P,P,P,P,182,60.666666666666664,C
765,female,group B,high school,standard,none,74,72,72,P,P,P,P,218,72.66666666666667,B
766,female,group C,high school,standard,completed,58,75,77,P,P,P,P,210,70.0,B
767,male,group B,high school,standard,completed,76,62,60,P,P,P,P,198,66.0,C
768,female,group D,some high school,standard,none,68,71,75,P,P,P,P,214,71.33333333333333,B
769,male,group A,some college,free/reduced,none,58,60,57,P,P,P,P,175,58.333333333333336,D
770,male,group B,high school,standard,none,52,48,49,P,P,P,P,149,49.666666666666664,E
771,male,group D,bachelor's degree,standard,none,75,73,74,P,P,P,P,222,74.0,B
772,female,group B,some high school,free/reduced,completed,52,67,72,P,P,P,P,191,63.666666666666664,C
773,female,group C,bachelor's degree,free/reduced,none,62,78,79,P,P,P,P,219,73.0,B
774,male,group B,some college,standard,none,66,65,60,P,P,P,P,191,63.666666666666664,C
775,female,group B,some high school,free/reduced,none,49,58,55,P,P,P,P,162,54.0,D
776,female,group B,high school,standard,none,66,72,70,P,P,P,P,208,69.33333333333333,C
777,female,group C,some college,free/reduced,none,35,44,43,F,P,P,F,122,40.666666666666664,F
778,female,group A,some college,standard,completed,72,79,82,P,P,P,P,233,77.66666666666667,B
779,male,group E,associate's degree,standard,completed,94,85,82,P,P,P,P,261,87.0,A
780,female,group D,associate's degree,free/reduced,none,46,56,57,P,P,P,P,159,53.0,D
781,female,group B,master's degree,standard,none,77,90,84,P,P,P,P,251,83.66666666666667,A
782,female,group B,high school,free/reduced,completed,76,85,82,P,P,P,P,243,81.0,A
783,female,group C,associate's degree,standard,completed,52,59,62,P,P,P,P,173,57.666666666666664,D
784,male,group C,bachelor's degree,standard,completed,91,81,79,P,P,P,P,251,83.66666666666667,A
785,female,group B,some high school,standard,completed,32,51,44,F,P,P,F,127,42.333333333333336,F
786,female,group E,some high school,free/reduced,none,72,79,77,P,P,P,P,228,76.0,B
787,female,group B,some college,standard,none,19,38,32,F,F,F,F,89,29.666666666666668,F
788,male,group C,associate's degree,free/reduced,none,68,65,61,P,P,P,P,194,64.66666666666667,C
789,female,group C,master's degree,free/reduced,none,52,65,61,P,P,P,P,178,59.333333333333336,D
790,female,group B,high school,standard,none,48,62,60,P,P,P,P,170,56.666666666666664,D
791,female,group D,some college,free/reduced,none,60,66,70,P,P,P,P,196,65.33333333333333,C
792,male,group D,high school,free/reduced,none,66,74,69,P,P,P,P,209,69.66666666666667,C
793,male,group E,some high school,standard,completed,89,84,77,P,P,P,P,250,83.33333333333333,A
794,female,group B,high school,standard,none,42,52,51,P,P,P,P,145,48.333333333333336,E
795,female,group E,associate's degree,free/reduced,completed,57,68,73,P,P,P,P,198,66.0,C
796,male,group D,high school,standard,none,70,70,70,P,P,P,P,210,70.0,B
797,female,group E,associate's degree,free/reduced,none,70,84,81,P,P,P,P,235,78.33333333333333,B
798,male,group E,some college,standard,none,69,60,54,P,P,P,P,183,61.0,C
799,female,group C,associate's degree,standard,none,52,55,57,P,P,P,P,164,54.666666666666664,D
800,male,group C,some high school,standard,completed,67,73,68,P,P,P,P,208,69.33333333333333,C
801,male,group C,some high school,standard,completed,76,80,73,P,P,P,P,229,76.33333333333333,B
802,female,group E,associate's degree,standard,none,87,94,95,P,P,P,P,276,92.0,A
803,female,group B,some college,standard,none,82,85,87,P,P,P,P,254,84.66666666666667,A
804,female,group C,some college,standard,none,73,76,78,P,P,P,P,227,75.66666666666667,B
805,male,group A,some college,free/reduced,none,75,81,74,P,P,P,P,230,76.66666666666667,B
806,female,group D,some college,free/reduced,none,64,74,75,P,P,P,P,213,71.0,B
807,female,group E,high school,free/reduced,none,41,45,40,P,P,P,P,126,42.0,E
808,male,group C,high school,standard,none,90,75,69,P,P,P,P,234,78.0,B
809,male,group B,bachelor's degree,standard,none,59,54,51,P,P,P,P,164,54.666666666666664,D
810,male,group A,some high school,standard,none,51,31,36,P,F,F,F,118,39.333333333333336,F
811,male,group A,high school,free/reduced,none,45,47,49,P,P,P,P,141,47.0,E
812,female,group C,master's degree,standard,completed,54,64,67,P,P,P,P,185,61.666666666666664,C
813,male,group E,some high school,standard,completed,87,84,76,P,P,P,P,247,82.33333333333333,A
814,female,group C,high school,standard,none,72,80,83,P,P,P,P,235,78.33333333333333,B
815,male,group B,some high school,standard,completed,94,86,87,P,P,P,P,267,89.0,A
816,female,group A,bachelor's degree,standard,none,45,59,64,P,P,P,P,168,56.0,D
817,male,group D,bachelor's degree,free/reduced,completed,61,70,76,P,P,P,P,207,69.0,C
818,female,group B,high school,free/reduced,none,60,72,68,P,P,P,P,200,66.66666666666667,C
819,female,group C,some high school,standard,none,77,91,88,P,P,P,P,256,85.33333333333333,A
820,female,group A,some high school,standard,completed,85,90,92,P,P,P,P,267,89.0,A
821,female,group D,bachelor's degree,free/reduced,none,78,90,93,P,P,P,P,261,87.0,A
822,male,group E,some college,free/reduced,completed,49,52,51,P,P,P,P,152,50.666666666666664,D
823,female,group B,high school,free/reduced,none,71,87,82,P,P,P,P,240,80.0,A
824,female,group C,some high school,free/reduced,none,48,58,52,P,P,P,P,158,52.666666666666664,D
825,male,group C,high school,standard,none,62,67,58,P,P,P,P,187,62.333333333333336,C
826,female,group C,associate's degree,free/reduced,completed,56,68,70,P,P,P,P,194,64.66666666666667,C
827,female,group C,some high school,standard,none,65,69,76,P,P,P,P,210,70.0,B
828,female,group D,some high school,free/reduced,completed,69,86,81,P,P,P,P,236,78.66666666666667,B
829,male,group B,some high school,standard,none,68,54,53,P,P,P,P,175,58.333333333333336,D
830,female,group A,some college,free/reduced,none,61,60,57,P,P,P,P,178,59.333333333333336,D
831,female,group C,bachelor's degree,free/reduced,completed,74,86,89,P,P,P,P,249,83.0,A
832,male,group A,bachelor's degree,standard,none,64,60,58,P,P,P,P,182,60.666666666666664,C
833,female,group B,high school,standard,completed,77,82,89,P,P,P,P,248,82.66666666666667,A
834,male,group B,some college,standard,none,58,50,45,P,P,P,P,153,51.0,D
835,female,group C,high school,standard,completed,60,64,74,P,P,P,P,198,66.0,C
836,male,group E,high school,standard,none,73,64,57,P,P,P,P,194,64.66666666666667,C
837,female,group A,high school,standard,completed,75,82,79,P,P,P,P,236,78.66666666666667,B
838,male,group B,associate's degree,free/reduced,completed,58,57,53,P,P,P,P,168,56.0,D
839,female,group C,associate's degree,standard,none,66,77,73,P,P,P,P,216,72.0,B
840,female,group D,high school,free/reduced,none,39,52,46,F,P,P,F,137,45.666666666666664,F
841,male,group C,some high school,standard,none,64,58,51,P,P,P,P,173,57.666666666666664,D
842,female,group B,high school,free/reduced,completed,23,44,36,F,P,F,F,103,34.333333333333336,F
843,male,group B,some college,free/reduced,completed,74,77,76,P,P,P,P,227,75.66666666666667,B
844,female,group D,some high school,free/reduced,completed,40,65,64,P,P,P,P,169,56.333333333333336,D
845,male,group E,master's degree,standard,none,90,85,84,P,P,P,P,259,86.33333333333333,A
846,male,group C,master's degree,standard,completed,91,85,85,P,P,P,P,261,87.0,A
847,male,group D,high school,standard,none,64,54,50,P,P,P,P,168,56.0,D
848,female,group C,high school,standard,none,59,72,68,P,P,P,P,199,66.33333333333333,C
849,male,group D,associate's degree,standard,none,80,75,69,P,P,P,P,224,74.66666666666667,B
850,male,group C,master's degree,standard,none,71,67,67,P,P,P,P,205,68.33333333333333,C
851,female,group A,high school,standard,none,61,68,63,P,P,P,P,192,64.0,C
852,female,group E,some college,standard,none,87,85,93,P,P,P,P,265,88.33333333333333,A
853,male,group E,some high school,standard,none,82,67,61,P,P,P,P,210,70.0,B
854,male,group C,some high school,standard,none,62,64,55,P,P,P,P,181,60.333333333333336,C
855,female,group B,bachelor's degree,standard,none,97,97,96,P,P,P,P,290,96.66666666666667,A
856,male,group B,some college,free/reduced,none,75,68,65,P,P,P,P,208,69.33333333333333,C
857,female,group C,bachelor's degree,standard,none,65,79,81,P,P,P,P,225,75.0,B
858,male,group B,high school,standard,completed,52,49,46,P,P,P,P,147,49.0,E
859,male,group C,associate's degree,free/reduced,none,87,73,72,P,P,P,P,232,77.33333333333333,B
860,female,group C,associate's degree,standard,none,53,62,53,P,P,P,P,168,56.0,D
861,female,group E,master's degree,free/reduced,none,81,86,87,P,P,P,P,254,84.66666666666667,A
862,male,group D,bachelor's degree,free/reduced,completed,39,42,38,F,P,F,F,119,39.666666666666664,F
863,female,group C,some college,standard,completed,71,71,80,P,P,P,P,222,74.0,B
864,male,group C,associate's degree,standard,none,97,93,91,P,P,P,P,281,93.66666666666667,A
865,male,group D,some college,standard,completed,82,82,88,P,P,P,P,252,84.0,A
866,male,group C,high school,free/reduced,none,59,53,52,P,P,P,P,164,54.666666666666664,D
867,male,group B,associate's degree,standard,none,61,42,41,P,P,P,P,144,48.0,E
868,male,group E,associate's degree,free/reduced,completed,78,74,72,P,P,P,P,224,74.66666666666667,B
869,male,group C,associate's degree,free/reduced,none,49,51,51,P,P,P,P,151,50.333333333333336,D
870,male,group B,high school,standard,none,59,58,47,P,P,P,P,164,54.666666666666664,D
871,female,group C,some college,standard,completed,70,72,76,P,P,P,P,218,72.66666666666667,B
872,male,group B,associate's degree,standard,completed,82,84,78,P,P,P,P,244,81.33333333333333,A
873,male,group E,associate's degree,free/reduced,none,90,90,82,P,P,P,P,262,87.33333333333333,A
874,female,group C,bachelor's degree,free/reduced,none,43,62,61,P,P,P,P,166,55.333333333333336,D
875,male,group C,some college,free/reduced,none,80,64,66,P,P,P,P,210,70.0,B
876,male,group D,some college,standard,none,81,82,84,P,P,P,P,247,82.33333333333333,A
877,male,group C,some high school,standard,none,57,61,54,P,P,P,P,172,57.333333333333336,D
878,female,group D,some high school,standard,none,59,72,80,P,P,P,P,211,70.33333333333333,B
879,female,group D,associate's degree,standard,none,64,76,74,P,P,P,P,214,71.33333333333333,B
880,male,group C,bachelor's degree,standard,completed,63,64,66,P,P,P,P,193,64.33333333333333,C
881,female,group E,bachelor's degree,standard,completed,71,70,70,P,P,P,P,211,70.33333333333333,B
882,female,group B,high school,free/reduced,none,64,73,71,P,P,P,P,208,69.33333333333333,C
883,male,group D,bachelor's degree,free/reduced,none,55,46,44,P,P,P,P,145,48.333333333333336,E
884,female,group E,associate's degree,standard,none,51,51,54,P,P,P,P,156,52.0,D
885,female,group C,associate's degree,standard,completed,62,76,80,P,P,P,P,218,72.66666666666667,B
886,female,group E,associate's degree,standard,completed,93,100,95,P,P,P,P,288,96.0,A
887,male,group C,high school,free/reduced,none,54,72,59,P,P,P,P,185,61.666666666666664,C
888,female,group D,some college,free/reduced,none,69,65,74,P,P,P,P,208,69.33333333333333,C
889,male,group D,high school,free/reduced,none,44,51,48,P,P,P,P,143,47.666666666666664,E
890,female,group E,some college,standard,completed,86,85,91,P,P,P,P,262,87.33333333333333,A
891,female,group E,associate's degree,standard,none,85,92,85,P,P,P,P,262,87.33333333333333,A
892,female,group A,master's degree,free/reduced,none,50,67,73,P,P,P,P,190,63.333333333333336,C
893,male,group D,some high school,standard,completed,88,74,75,P,P,P,P,237,79.0,B
894,female,group E,associate's degree,standard,none,59,62,69,P,P,P,P,190,63.333333333333336,C
895,female,group E,some high school,free/reduced,none,32,34,38,F,F,F,F,104,34.666666666666664,F
896,male,group B,high school,free/reduced,none,36,29,27,F,F,F,F,92,30.666666666666668,F
897,female,group B,some high school,free/reduced,completed,63,78,79,P,P,P,P,220,73.33333333333333,B
898,male,group D,associate's degree,standard,completed,67,54,63,P,P,P,P,184,61.333333333333336,C
899,female,group D,some high school,standard,completed,65,78,82,P,P,P,P,225,75.0,B
900,male,group D,master's degree,standard,none,85,84,89,P,P,P,P,258,86.0,A
901,female,group C,master's degree,standard,none,73,78,74,P,P,P,P,225,75.0,B
902,female,group A,high school,free/reduced,completed,34,48,41,F,P,P,F,123,41.0,F
903,female,group D,bachelor's degree,free/reduced,completed,93,100,100,P,P,P,P,293,97.66666666666667,A
904,female,group D,some high school,free/reduced,none,67,84,84,P,P,P,P,235,78.33333333333333,B
905,male,group D,some college,standard,none,88,77,77,P,P,P,P,242,80.66666666666667,A
906,male,group B,high school,standard,none,57,48,51,P,P,P,P,156,52.0,D
907,female,group D,some college,standard,completed,79,84,91,P,P,P,P,254,84.66666666666667,A
908,female,group C,bachelor's degree,free/reduced,none,67,75,72,P,P,P,P,214,71.33333333333333,B
909,male,group E,bachelor's degree,standard,completed,70,64,70,P,P,P,P,204,68.0,C
910,male,group D,bachelor's degree,free/reduced,none,50,42,48,P,P,P,P,140,46.666666666666664,E
911,female,group A,some college,standard,none,69,84,82,P,P,P,P,235,78.33333333333333,B
912,female,group C,bachelor's degree,standard,completed,52,61,66,P,P,P,P,179,59.666666666666664,D
913,female,group C,bachelor's degree,free/reduced,completed,47,62,66,P,P,P,P,175,58.333333333333336,D
914,female,group B,associate's degree,free/reduced,none,46,61,55,P,P,P,P,162,54.0,D
915,female,group E,some college,standard,none,68,70,66,P,P,P,P,204,68.0,C
916,male,group E,bachelor's degree,standard,completed,100,100,100,P,P,P,P,300,100.0,A
917,female,group C,high school,standard,none,44,61,52,P,P,P,P,157,52.333333333333336,D
918,female,group C,associate's degree,standard,completed,57,77,80,P,P,P,P,214,71.33333333333333,B
919,male,group B,some college,standard,completed,91,96,91,P,P,P,P,278,92.66666666666667,A
920,male,group D,high school,free/reduced,none,69,70,67,P,P,P,P,206,68.66666666666667,C
921,female,group C,high school,free/reduced,none,35,53,46,F,P,P,F,134,44.666666666666664,F
922,male,group D,high school,standard,none,72,66,66,P,P,P,P,204,68.0,C
923,female,group B,associate's degree,free/reduced,none,54,65,65,P,P,P,P,184,61.333333333333336,C
924,male,group D,high school,free/reduced,none,74,70,69,P,P,P,P,213,71.0,B
925,male,group E,some high school,standard,completed,74,64,60,P,P,P,P,198,66.0,C
926,male,group E,associate's degree,free/reduced,none,64,56,52,P,P,P,P,172,57.333333333333336,D
927,female,group D,high school,free/reduced,completed,65,61,71,P,P,P,P,197,65.66666666666667,C
928,male,group E,associate's degree,free/reduced,completed,46,43,44,P,P,P,P,133,44.333333333333336,E
929,female,group C,some high school,free/reduced,none,48,56,51,P,P,P,P,155,51.666666666666664,D
930,male,group C,some college,free/reduced,completed,67,74,70,P,P,P,P,211,70.33333333333333,B
931,male,group D,some college,free/reduced,none,62,57,62,P,P,P,P,181,60.333333333333336,C
932,male,group D,associate's degree,free/reduced,completed,61,71,73,P,P,P,P,205,68.33333333333333,C
933,male,group C,bachelor's degree,free/reduced,completed,70,75,74,P,P,P,P,219,73.0,B
934,male,group C,associate's degree,standard,completed,98,87,90,P,P,P,P,275,91.66666666666667,A
935,male,group D,some college,free/reduced,none,70,63,58,P,P,P,P,191,63.666666666666664,C
936,male,group A,associate's degree,standard,none,67,57,53,P,P,P,P,177,59.0,D
937,female,group E,high school,free/reduced,none,57,58,57,P,P,P,P,172,57.333333333333336,D
938,male,group D,some college,standard,completed,85,81,85,P,P,P,P,251,83.66666666666667,A
939,male,group D,some high school,standard,completed,77,68,69,P,P,P,P,214,71.33333333333333,B
940,male,group C,master's degree,free/reduced,completed,72,66,72,P,P,P,P,210,70.0,B
941,female,group D,master's degree,standard,none,78,91,96,P,P,P,P,265,88.33333333333333,A
942,male,group C,high school,standard,none,81,66,64,P,P,P,P,211,70.33333333333333,B
943,male,group A,some high school,free/reduced,completed,61,62,61,P,P,P,P,184,61.333333333333336,C
944,female,group B,high school,standard,none,58,68,61,P,P,P,P,187,62.333333333333336,C
945,female,group C,associate's degree,standard,none,54,61,58,P,P,P,P,173,57.666666666666664,D
946,male,group B,high school,standard,none,82,82,80,P,P,P,P,244,81.33333333333333,A
947,female,group D,some college,free/reduced,none,49,58,60,P,P,P,P,167,55.666666666666664,D
948,male,group B,some high school,free/reduced,completed,49,50,52,P,P,P,P,151,50.333333333333336,D
949,female,group E,high school,free/reduced,completed,57,75,73,P,P,P,P,205,68.33333333333333,C
950,male,group E,high school,standard,none,94,73,71,P,P,P,P,238,79.33333333333333,B
951,female,group D,some college,standard,completed,75,77,83,P,P,P,P,235,78.33333333333333,B
952,female,group E,some high school,free/reduced,none,74,74,72,P,P,P,P,220,73.33333333333333,B
953,male,group C,high school,standard,completed,58,52,54,P,P,P,P,164,54.666666666666664,D
954,female,group C,some college,standard,none,62,69,69,P,P,P,P,200,66.66666666666667,C
955,male,group E,associate's degree,standard,none,72,57,62,P,P,P,P,191,63.666666666666664,C
956,male,group C,some college,standard,none,84,87,81,P,P,P,P,252,84.0,A
957,female,group D,master's degree,standard,none,92,100,100,P,P,P,P,292,97.33333333333333,A
958,female,group D,high school,standard,none,45,63,59,P,P,P,P,167,55.666666666666664,D
959,male,group C,high school,standard,none,75,81,71,P,P,P,P,227,75.66666666666667,B
960,female,group A,some college,standard,none,56,58,64,P,P,P,P,178,59.333333333333336,D
961,female,group D,some high school,free/reduced,none,48,54,53,P,P,P,P,155,51.666666666666664,D
962,female,group E,associate's degree,standard,none,100,100,100,P,P,P,P,300,100.0,A
963,female,group C,some high school,free/reduced,completed,65,76,75,P,P,P,P,216,72.0,B
964,male,group D,some college,standard,none,72,57,58,P,P,P,P,187,62.333333333333336,C
965,female,group D,some college,standard,none,62,70,72,P,P,P,P,204,68.0,C
966,male,group A,some high school,standard,completed,66,68,64,P,P,P,P,198,66.0,C
967,male,group C,some college,standard,none,63,63,60,P,P,P,P,186,62.0,C
968,female,group E,associate's degree,standard,none,68,76,67,P,P,P,P,211,70.33333333333333,B
969,female,group B,bachelor's degree,standard,none,75,84,80,P,P,P,P,239,79.66666666666667,B
970,female,group D,bachelor's degree,standard,none,89,100,100,P,P,P,P,289,96.33333333333333,A
971,male,group C,some high school,standard,completed,78,72,69,P,P,P,P,219,73.0,B
972,female,group A,high school,free/reduced,completed,53,50,60,P,P,P,P,163,54.333333333333336,D
973,female,group D,some college,free/reduced,none,49,65,61,P,P,P,P,175,58.333333333333336,D
974,female,group A,some college,standard,none,54,63,67,P,P,P,P,184,61.333333333333336,C
975,female,group C,some college,standard,completed,64,82,77,P,P,P,P,223,74.33333333333333,B
976,male,group B,some college,free/reduced,completed,60,62,60,P,P,P,P,182,60.666666666666664,C
977,male,group C,associate's degree,standard,none,62,65,58,P,P,P,P,185,61.666666666666664,C
978,male,group D,high school,standard,completed,55,41,48,P,P,P,P,144,48.0,E
979,female,group C,associate's degree,standard,none,91,95,94,P,P,P,P,280,93.33333333333333,A
980,female,group B,high school,free/reduced,none,8,24,23,F,F,F,F,55,18.333333333333332,F
981,male,group D,some high school,standard,none,81,78,78,P,P,P,P,237,79.0,B
982,male,group B,some high school,standard,completed,79,85,86,P,P,P,P,250,83.33333333333333,A
983,female,group A,some college,standard,completed,78,87,91,P,P,P,P,256,85.33333333333333,A
984,female,group C,some high school,standard,none,74,75,82,P,P,P,P,231,77.0,B
985,male,group A,high school,standard,none,57,51,54,P,P,P,P,162,54.0,D
986,female,group C,associate's degree,standard,none,40,59,51,P,P,P,P,150,50.0,D
987,male,group E,some high school,standard,completed,81,75,76,P,P,P,P,232,77.33333333333333,B
988,female,group A,some high school,free/reduced,none,44,45,45,P,P,P,P,134,44.666666666666664,E
989,female,group D,some college,free/reduced,completed,67,86,83,P,P,P,P,236,78.66666666666667,B
990,male,group E,high school,free/reduced,completed,86,81,75,P,P,P,P,242,80.66666666666667,A
991,female,group B,some high school,standard,completed,65,82,78,P,P,P,P,225,75.0,B
992,female,group D,associate's degree,free/reduced,none,55,76,76,P,P,P,P,207,69.0,C
993,female,group D,bachelor's degree,free/reduced,none,62,72,74,P,P,P,P,208,69.33333333333333,C
994,male,group A,high school,standard,none,63,63,62,P,P,P,P,188,62.666666666666664,C
995,female,group E,master's degree,standard,completed,88,99,95,P,P,P,P,282,94.0,A
996,male,group C,high school,free/reduced,none,62,55,55,P,P,P,P,172,57.333333333333336,D
997,female,group C,high school,free/reduced,completed,59,71,65,P,P,P,P,195,65.0,C
998,female,group D,some college,standard,completed,68,78,77,P,P,P,P,223,74.33333333333333,B
999,female,group D,some college,free/reduced,none,77,86,86,P,P,P,P,249,83.0,A
